Nr,TID,PID,x,y,t [sec],I [val],Len [cm],D2S [cm],D2R [cm],D2P [cm],v [cm/sec],? [deg],?? [deg]
1,1,1,16.281,34.706,0.008333333,0,0,0,NA,NA,NA,NA,NA
2,1,2,17.19,34.965,0.016666667,0,0.946,0.946,NA,0.946,NA,15.945,NA
3,1,3,17.84,35.173,0.025,0,1.628,1.628,NA,0.682,NA,17.745,1.799
4,1,4,18.62,35.251,0.033333333,255,2.412,2.402,NA,0.783,NA,5.711,-12.034
5,1,5,19.113,35.251,0.041666667,0,2.905,2.885,NA,0.494,NA,0,-5.711
6,1,6,19.841,35.303,0.05,0,3.635,3.61,NA,0.729,NA,4.086,4.086
7,1,7,20.439,35.277,0.058333333,0,4.233,4.197,NA,0.598,NA,-2.49,-6.575
8,1,8,21.166,35.225,0.066666667,0,4.963,4.913,NA,0.729,NA,-4.086,-1.596
9,1,9,21.972,35.225,0.075,0,5.768,5.715,NA,0.806,NA,0,4.086
10,1,10,22.726,35.121,0.083333333,0,6.529,6.458,NA,0.761,NA,-7.853,-7.853
11,1,11,23.369,35.024,0.091666667,0,7.179,7.095,NA,0.651,NA,-8.616,-0.762
12,1,12,23.875,34.946,0.1,0,7.692,7.598,NA,0.513,NA,-8.746,-0.131
13,1,13,24.616,34.829,0.108333333,0,8.442,8.336,NA,0.75,NA,-8.973,-0.226
14,1,14,25.415,34.615,0.116666667,0,9.269,9.135,NA,0.827,NA,-15.018,-6.046
15,1,15,26.039,34.498,0.125,0,9.904,9.76,NA,0.635,NA,-10.62,4.399
16,1,16,26.955,34.186,0.133333333,0,10.871,10.687,NA,0.968,NA,-18.8,-8.18
17,1,17,27.559,33.835,0.141666667,0,11.57,11.312,NA,0.699,NA,-30.141,-11.342
18,1,18,27.949,33.614,0.15,0,12.018,11.719,NA,0.448,NA,-29.539,0.603
19,1,19,28.469,33.406,0.158333333,0,12.578,12.257,NA,0.56,NA,-21.801,7.737
20,1,20,29.066,33.016,0.166666667,0,13.292,12.897,NA,0.714,NA,-33.111,-11.31
21,1,21,29.937,32.51,0.175,0,14.299,13.832,NA,1.007,NA,-30.203,2.908
22,1,22,30.327,32.276,0.183333333,0,14.753,14.255,NA,0.455,NA,-30.964,-0.761
23,1,23,30.717,31.938,0.191666667,0,15.269,14.699,NA,0.516,NA,-40.914,-9.951
24,1,24,31.288,31.496,0.2,0,15.992,15.347,NA,0.723,NA,-37.694,3.22
25,1,25,31.912,30.937,0.208333333,0,16.829,16.079,NA,0.837,NA,-41.855,-4.161
26,1,26,32.484,30.327,0.216666667,0,17.666,16.784,NA,0.837,NA,-46.888,-5.033
27,1,27,32.763,29.898,0.225,0,18.177,17.169,NA,0.512,NA,-56.915,-10.027
28,1,28,33.046,29.557,0.233333333,0,18.62,17.538,NA,0.443,NA,-50.356,6.559
29,1,29,33.708,28.982,0.241666667,0,19.498,18.343,NA,0.877,NA,-40.946,9.409
30,1,30,34.39,28.173,0.25,0,20.556,19.252,NA,1.058,NA,-49.857,-8.91
31,1,31,34.634,27.774,0.258333333,0,21.024,19.619,NA,0.468,NA,-58.627,-8.77
32,1,32,35.073,27.218,0.266666667,0,21.731,20.229,NA,0.708,NA,-51.71,6.917
33,1,33,35.482,26.663,0.275,0,22.421,20.818,NA,0.69,NA,-53.616,-1.906
34,1,34,35.891,26.078,0.283333333,0,23.135,21.424,NA,0.714,NA,-55.008,-1.392
35,1,35,36.222,25.191,0.291666667,0,24.082,22.095,NA,0.947,NA,-69.513,-14.505
36,1,36,36.593,24.295,0.3,0,25.052,22.825,NA,0.97,NA,-67.557,1.956
37,1,37,36.778,23.739,0.308333333,0,25.637,23.246,NA,0.586,NA,-71.565,-4.008
38,1,38,36.875,23.375,0.316666667,0,26.014,23.506,NA,0.377,NA,-75.005,-3.44
39,1,39,37.005,22.713,0.325,0,26.689,23.944,NA,0.675,NA,-78.906,-3.901
40,1,40,36.914,21.816,0.333333333,0,27.59,24.329,NA,0.901,NA,-95.793,-16.887
41,1,41,37.031,21.342,0.341666667,0,28.079,24.681,NA,0.488,NA,-76.149,19.644
42,1,42,37.187,20.718,0.35,0,28.722,25.154,NA,0.643,NA,-75.964,0.185
43,1,43,37.168,20.055,0.358333333,0,29.385,25.513,NA,0.663,NA,-91.685,-15.721
44,1,44,37.148,19.354,0.366666667,0,30.087,25.906,NA,0.702,NA,-91.591,0.094
45,1,45,37.187,18.879,0.375,0,30.563,26.221,NA,0.476,NA,-85.301,6.29
46,1,46,37.2,18.217,0.383333333,0,31.225,26.636,NA,0.663,NA,-88.877,-3.575
47,1,47,37.187,17.671,0.391666667,0,31.771,26.968,NA,0.546,NA,-91.364,-2.487
48,1,48,37.109,16.84,0.4,0,32.606,27.441,NA,0.835,NA,-95.356,-3.992
49,1,49,37.083,16.125,0.408333333,0,33.322,27.892,NA,0.715,NA,-92.083,3.273
50,1,50,36.862,15.501,0.416666667,0,33.983,28.15,NA,0.662,NA,-109.502,-17.42
51,1,51,36.642,14.8,0.425,0,34.719,28.475,NA,0.736,NA,-107.475,2.028
52,1,52,36.33,13.812,0.433333333,0,35.754,28.957,NA,1.036,NA,-107.526,-0.051
53,1,53,36.109,13.097,0.441666667,0,36.502,29.327,NA,0.748,NA,-107.176,0.35
54,1,54,36.044,12.734,0.45,0,36.872,29.552,NA,0.37,NA,-100.125,7.051
55,1,55,35.758,12.188,0.458333333,0,37.488,29.773,NA,0.616,NA,-117.646,-17.521
56,1,56,35.524,11.681,0.466666667,0,38.046,30.007,NA,0.558,NA,-114.775,2.871
57,1,57,35.121,10.992,0.475,0,38.844,30.287,NA,0.798,NA,-120.324,-5.548
58,1,58,34.809,10.473,0.483333333,0,39.45,30.505,NA,0.606,NA,-120.964,-0.64
59,1,59,34.524,9.758,0.491666667,0,40.22,30.906,NA,0.77,NA,-111.801,9.162
60,1,60,34.199,9.251,0.5,0,40.822,31.128,NA,0.602,NA,-122.661,-10.86
61,1,61,33.64,8.615,0.508333333,0,41.669,31.338,NA,0.847,NA,-131.269,-8.608
62,1,62,33.107,7.783,0.516666667,0,42.656,31.748,NA,0.988,NA,-122.645,8.624
63,1,63,32.653,7.25,0.525,0,43.357,31.966,NA,0.7,NA,-130.486,-7.841
64,1,64,32.432,6.951,0.533333333,0,43.728,32.111,NA,0.372,NA,-126.469,4.017
65,1,65,32.042,6.51,0.541666667,0,44.318,32.302,NA,0.589,NA,-131.424,-4.954
66,1,66,31.366,5.886,0.55,0,45.237,32.529,NA,0.92,NA,-137.291,-5.867
67,1,67,30.807,5.522,0.558333333,0,45.904,32.599,NA,0.667,NA,-146.929,-9.639
68,1,68,30.21,5.145,0.566666667,0,46.61,32.677,NA,0.707,NA,-147.771,-0.842
69,1,69,29.911,4.976,0.575,0,46.954,32.705,NA,0.343,NA,-150.524,-2.753
70,1,70,29.222,4.6,0.583333333,0,47.739,32.77,NA,0.785,NA,-151.314,-0.79
71,1,71,28.599,4.262,0.591666667,0,48.448,32.841,NA,0.709,NA,-151.557,-0.243
72,1,72,27.871,3.872,0.6,0,49.273,32.94,NA,0.825,NA,-151.821,-0.264
73,1,73,27.208,3.469,0.608333333,0,50.049,33.093,NA,0.775,NA,-148.707,3.114
74,1,74,26.754,3.157,0.616666667,0,50.6,33.241,NA,0.551,NA,-145.561,3.146
75,1,75,26.195,2.885,0.625,0,51.222,33.33,NA,0.622,NA,-153.97,-8.409
76,1,76,25.584,2.69,0.633333333,0,51.863,33.34,NA,0.641,NA,-162.3,-8.329
77,1,77,24.532,2.547,0.641666667,0,52.925,33.2,NA,1.062,NA,-172.266,-9.967
78,1,78,23.778,2.417,0.65,0,53.69,33.148,NA,0.765,NA,-170.218,2.049
79,1,79,23.31,2.378,0.658333333,0,54.159,33.083,NA,0.469,NA,-175.236,-5.019
80,1,80,22.791,2.222,0.666666667,0,54.702,33.129,NA,0.543,NA,-163.301,11.936
81,1,81,22.011,2.144,0.675,0,55.485,33.062,NA,0.783,NA,-174.289,-10.989
82,1,82,20.958,2.17,0.683333333,0,56.538,32.87,NA,1.053,NA,178.586,-7.125
83,1,83,20.257,2.105,0.691666667,0,57.243,32.842,NA,0.705,NA,-174.71,6.705
84,1,84,19.633,2.157,0.7,0,57.869,32.721,NA,0.626,NA,175.236,-10.054
85,1,85,19.113,2.261,0.708333333,0,58.399,32.568,NA,0.53,NA,168.69,-6.546
86,1,86,18.178,2.443,0.716666667,0,59.352,32.318,NA,0.953,NA,168.996,0.306
87,1,87,17.619,2.651,0.725,0,59.948,32.083,NA,0.596,NA,159.59,-9.406
88,1,88,17.125,2.937,0.733333333,0,60.519,31.78,NA,0.571,NA,149.931,-9.659
89,1,89,16.372,3.099,0.741666667,0,61.289,31.607,NA,0.771,NA,167.838,17.906
90,1,90,15.846,3.313,0.75,0,61.858,31.395,NA,0.568,NA,157.834,-10.004
91,1,91,15.144,3.411,0.758333333,0,62.566,31.315,NA,0.708,NA,172.093,14.259
92,1,92,14.54,3.625,0.766666667,0,63.207,31.129,NA,0.641,NA,160.463,-11.629
93,1,93,13.838,3.82,0.775,0,63.935,30.982,NA,0.728,NA,164.476,4.013
94,1,94,13.292,4.132,0.783333333,0,64.564,30.719,NA,0.629,NA,150.255,-14.221
95,1,95,12.61,4.619,0.791666667,0,65.402,30.309,NA,0.838,NA,144.462,-5.793
96,1,96,11.928,5.067,0.8,0,66.218,29.956,NA,0.816,NA,146.689,2.227
97,1,97,11.538,5.594,0.808333333,0,66.873,29.496,NA,0.655,NA,126.529,-20.161
98,1,98,11.129,5.867,0.816666667,0,67.365,29.296,NA,0.492,NA,146.31,19.781
99,1,99,10.408,6.172,0.825,0,68.148,29.132,NA,0.783,NA,157.051,10.741
100,1,100,9.862,6.77,0.833333333,0,68.958,28.664,NA,0.809,NA,132.397,-24.654
101,1,101,9.264,7.237,0.841666667,0,69.717,28.35,NA,0.759,NA,141.953,9.556
102,1,102,8.952,7.653,0.85,0,70.236,28.027,NA,0.52,NA,126.87,-15.083
103,1,103,8.355,8.147,0.858333333,0,71.012,27.716,NA,0.775,NA,140.44,13.57
104,1,104,8.095,8.771,0.866666667,0,71.687,27.196,NA,0.676,NA,112.62,-27.82
105,1,105,7.757,9.342,0.875,0,72.351,26.757,NA,0.664,NA,120.579,7.959
106,1,106,7.328,10.31,0.883333333,0,73.41,25.986,NA,1.059,NA,113.891,-6.688
107,1,107,6.997,10.992,0.891666667,0,74.169,25.466,NA,0.758,NA,115.907,2.015
108,1,108,6.783,11.538,0.9,0,74.755,25.039,NA,0.586,NA,111.448,-4.459
109,1,109,6.568,12.084,0.908333333,0,75.341,24.619,NA,0.586,NA,111.448,0
110,1,110,6.315,12.766,0.916666667,0,76.069,24.097,NA,0.728,NA,110.376,-1.071
111,1,111,6.042,13.507,0.925,0,76.858,23.542,NA,0.789,NA,110.225,-0.152
112,1,112,5.828,14.111,0.933333333,0,77.499,23.096,NA,0.641,NA,109.537,-0.688
113,1,114,5.555,15.358,0.941666667,0,78.776,22.122,NA,1.277,NA,102.339,-7.198
114,1,115,5.457,15.884,0.95,0,79.311,21.711,NA,0.535,NA,100.491,-1.848
115,1,116,5.477,16.684,0.958333333,0,80.111,21.012,NA,0.799,NA,88.603,-11.889
116,1,117,5.36,17.463,0.966666667,0,80.899,20.41,NA,0.788,NA,98.531,9.928
117,1,118,5.438,18.048,0.975,0,81.489,19.876,NA,0.59,NA,82.405,-16.125
118,1,119,5.438,18.789,0.983333333,0,82.23,19.259,NA,0.741,NA,90,7.595
119,1,120,5.535,19.822,0.991666667,0,83.267,18.358,NA,1.038,NA,84.611,-5.389
120,1,121,5.691,20.192,1,0,83.669,17.966,NA,0.402,NA,67.166,-17.444
121,1,122,5.828,20.484,1.008333333,0,83.991,17.65,NA,0.323,NA,64.983,-2.183
122,1,123,5.983,21.322,1.016666667,0,84.844,16.886,NA,0.852,NA,79.461,14.478
123,1,124,6.139,21.81,1.025,0,85.356,16.406,NA,0.512,NA,72.255,-7.205
124,1,125,6.451,22.589,1.033333333,0,86.195,15.602,NA,0.84,NA,68.199,-4.057
125,1,126,6.783,23.466,1.041666667,0,87.133,14.715,NA,0.938,NA,69.305,1.106
126,1,127,6.822,23.349,1.05,0,87.256,14.78,NA,0.123,NA,-71.565,-140.87
127,1,128,7.055,24.025,1.058333333,0,87.971,14.113,NA,0.715,NA,70.907,142.472
128,1,129,7.367,24.727,1.066666667,0,88.739,13.38,NA,0.768,NA,66.038,-4.869
129,1,130,7.783,25.48,1.075,0,89.6,12.543,NA,0.861,NA,61.113,-4.924
130,1,131,8.277,25.974,1.083333333,0,90.298,11.845,NA,0.698,NA,45,-16.113
131,1,132,8.667,26.598,1.091666667,0,91.033,11.123,NA,0.735,NA,57.995,12.995
132,1,133,8.978,26.961,1.1,0,91.512,10.644,NA,0.479,NA,49.399,-8.596
133,1,134,9.706,27.559,1.108333333,0,92.454,9.711,NA,0.942,NA,39.401,-9.998
134,1,135,10.018,27.975,1.116666667,0,92.974,9.194,NA,0.52,NA,53.13,13.729
135,1,136,10.408,28.417,1.125,0,93.563,8.605,NA,0.589,NA,48.576,-4.554
136,1,137,10.876,28.755,1.133333333,0,94.14,8.039,NA,0.577,NA,35.838,-12.739
137,1,138,11.317,29.04,1.141666667,0,94.666,7.532,NA,0.526,NA,32.905,-2.932
138,1,139,11.967,29.404,1.15,0,95.411,6.835,NA,0.745,NA,29.249,-3.656
139,1,140,12.409,29.95,1.158333333,0,96.113,6.133,NA,0.702,NA,51.009,21.76
140,1,141,12.799,30.132,1.166666667,0,96.543,5.748,NA,0.43,NA,25.017,-25.992
141,1,142,13.318,30.314,1.175,0,97.094,5.298,NA,0.551,NA,19.29,-5.727
142,1,143,13.838,30.6,1.183333333,0,97.687,4.778,NA,0.593,NA,28.811,9.521
143,1,144,14.644,31.041,1.191666667,0,98.606,4.013,NA,0.919,NA,28.74,-0.071
144,1,145,15.137,31.223,1.2,0,99.132,3.665,NA,0.526,NA,20.225,-8.515
145,1,146,15.761,31.561,1.208333333,0,99.841,3.187,NA,0.709,NA,28.443,8.218
146,1,147,16.723,31.743,1.216666667,0,100.82,2.995,NA,0.979,NA,10.713,-17.73
147,1,148,17.632,31.951,1.225,0,101.753,3.068,NA,0.933,NA,12.875,2.162
148,1,149,18.438,32.029,1.233333333,255,102.562,3.438,NA,0.809,NA,5.528,-7.347
149,1,150,19.217,32.029,1.241666667,0,103.342,3.973,NA,0.78,NA,0,-5.528
150,1,151,19.789,32.133,1.25,0,103.923,4.35,NA,0.581,NA,10.305,10.305
151,1,152,20.231,32.133,1.258333333,0,104.365,4.714,NA,0.442,NA,0,-10.305
152,1,153,20.647,32.133,1.266666667,0,104.78,5.067,NA,0.416,NA,0,0
153,1,154,21.296,32.159,1.275,0,105.431,5.625,NA,0.65,NA,2.291,2.291
154,1,155,21.842,32.159,1.283333333,0,105.976,6.117,NA,0.546,NA,0,-2.291
155,1,156,22.466,32.055,1.291666667,0,106.609,6.729,NA,0.632,NA,-9.462,-9.462
156,1,157,23.089,32.003,1.3,0,107.234,7.325,NA,0.626,NA,-4.764,4.699
157,1,158,23.843,31.795,1.308333333,0,108.016,8.103,NA,0.782,NA,-15.422,-10.659
158,1,159,24.545,31.613,1.316666667,0,108.741,8.824,NA,0.725,NA,-14.534,0.888
159,1,160,25.025,31.516,1.325,0,109.232,9.308,NA,0.491,NA,-11.459,3.076
160,1,161,25.805,31.321,1.333333333,0,110.035,10.108,NA,0.804,NA,-14.036,-2.577
161,1,162,26.351,31.126,1.341666667,0,110.615,10.687,NA,0.579,NA,-19.654,-5.618
162,1,163,26.994,30.853,1.35,0,111.313,11.385,NA,0.699,NA,-22.989,-3.335
163,1,164,27.559,30.444,1.358333333,0,112.011,12.057,NA,0.698,NA,-35.91,-12.921
164,1,165,28.046,30.19,1.366666667,0,112.56,12.602,NA,0.549,NA,-27.474,8.435
165,1,166,28.806,29.684,1.375,0,113.474,13.495,NA,0.914,NA,-33.69,-6.216
166,1,167,29.333,29.235,1.383333333,0,114.165,14.152,NA,0.691,NA,-40.426,-6.736
167,1,168,29.976,28.69,1.391666667,0,115.009,14.958,NA,0.843,NA,-40.314,0.112
168,1,169,30.268,28.456,1.4,0,115.383,15.32,NA,0.374,NA,-38.66,1.654
169,1,170,30.678,28.163,1.408333333,0,115.886,15.813,NA,0.503,NA,-35.538,3.122
170,1,171,31.126,27.676,1.416666667,0,116.548,16.425,NA,0.662,NA,-47.386,-11.848
171,1,172,31.535,27.306,1.425,0,117.1,16.954,NA,0.552,NA,-42.138,5.248
172,1,173,32.042,26.741,1.433333333,0,117.859,17.659,NA,0.759,NA,-48.122,-5.985
173,1,174,32.412,26.175,1.441666667,0,118.535,18.248,NA,0.676,NA,-56.768,-8.646
174,1,175,32.763,25.63,1.45,0,119.184,18.816,NA,0.649,NA,-57.265,-0.496
175,1,176,33.153,24.792,1.458333333,0,120.108,19.569,NA,0.924,NA,-65.056,-7.791
176,1,177,33.387,24.402,1.466666667,0,120.563,19.969,NA,0.455,NA,-59.036,6.02
177,1,178,33.621,23.953,1.475,0,121.068,20.403,NA,0.506,NA,-62.447,-3.411
178,1,179,33.835,23.505,1.483333333,0,121.565,20.823,NA,0.497,NA,-64.44,-1.993
179,1,180,34.205,22.706,1.491666667,0,122.446,21.57,NA,0.881,NA,-65.136,-0.696
180,1,181,34.498,21.985,1.5,0,123.224,22.219,NA,0.778,NA,-67.932,-2.796
181,1,182,34.731,21.342,1.508333333,0,123.908,22.782,NA,0.684,NA,-70.017,-2.085
182,1,183,34.946,20.582,1.516666667,0,124.698,23.407,NA,0.79,NA,-74.249,-4.232
183,1,184,35.024,20.192,1.525,0,125.096,23.705,NA,0.398,NA,-78.69,-4.441
184,1,185,35.141,19.763,1.533333333,0,125.54,24.062,NA,0.444,NA,-74.745,3.945
185,1,186,35.141,19.393,1.541666667,0,125.91,24.294,NA,0.37,NA,-90,-15.255
186,1,187,35.18,18.808,1.55,0,126.496,24.696,NA,0.586,NA,-86.186,3.814
187,1,188,35.121,17.989,1.558333333,0,127.317,25.187,NA,0.821,NA,-94.086,-7.9
188,1,189,35.102,17.327,1.566666667,0,127.98,25.617,NA,0.663,NA,-91.685,2.401
189,1,190,35.024,16.742,1.575,0,128.57,25.961,NA,0.59,NA,-97.595,-5.91
190,1,191,34.848,15.923,1.583333333,0,129.407,26.411,NA,0.837,NA,-102.095,-4.5
191,1,192,34.731,15.378,1.591666667,0,129.965,26.721,NA,0.558,NA,-102.095,0
192,1,193,34.595,14.715,1.6,0,130.642,27.111,NA,0.677,NA,-101.634,0.461
193,1,194,34.42,14.267,1.608333333,0,131.123,27.327,NA,0.481,NA,-111.371,-9.737
194,1,195,34.244,13.78,1.616666667,0,131.641,27.579,NA,0.518,NA,-109.799,1.572
195,1,196,34.03,13.351,1.625,0,132.12,27.768,NA,0.479,NA,-116.565,-6.766
196,1,197,33.893,12.63,1.633333333,0,132.854,28.241,NA,0.734,NA,-100.713,15.852
197,1,198,33.757,12.123,1.641666667,0,133.379,28.555,NA,0.525,NA,-105.068,-4.355
198,1,199,33.367,11.597,1.65,0,134.034,28.74,NA,0.655,NA,-126.529,-21.46
199,1,200,33.055,11.285,1.658333333,0,134.475,28.808,NA,0.441,NA,-135,-8.471
200,1,201,32.763,10.7,1.666666667,0,135.129,29.119,NA,0.654,NA,-116.565,18.435
201,1,202,32.276,10.057,1.675,0,135.936,29.384,NA,0.807,NA,-127.147,-10.582
202,1,203,32.12,9.745,1.683333333,0,136.284,29.562,NA,0.349,NA,-116.565,10.582
203,1,204,31.827,9.238,1.691666667,0,136.869,29.837,NA,0.585,NA,-119.982,-3.417
204,1,205,31.555,8.868,1.7,0,137.329,30.014,NA,0.46,NA,-126.384,-6.403
205,1,206,31.106,8.42,1.708333333,0,137.963,30.178,NA,0.634,NA,-135,-8.616
206,1,207,30.697,7.971,1.716666667,0,138.57,30.373,NA,0.607,NA,-132.397,2.603
207,1,208,30.19,7.465,1.725,0,139.287,30.586,NA,0.717,NA,-135,-2.603
208,1,209,29.586,6.997,1.733333333,0,140.051,30.737,NA,0.764,NA,-142.253,-7.253
209,1,210,29.079,6.51,1.741666667,0,140.754,30.965,NA,0.703,NA,-136.123,6.13
210,1,211,28.553,5.906,1.75,0,141.555,31.306,NA,0.801,NA,-131.055,5.068
211,1,212,28.046,5.516,1.758333333,0,142.195,31.472,NA,0.639,NA,-142.431,-11.377
212,1,213,27.384,5.204,1.766666667,0,142.927,31.522,NA,0.732,NA,-154.799,-12.367
213,1,214,26.585,4.989,1.775,0,143.754,31.452,NA,0.827,NA,-164.982,-10.183
214,1,215,26.097,4.951,1.783333333,0,144.243,31.332,NA,0.489,NA,-175.426,-10.444
215,1,216,25.552,4.853,1.791666667,0,144.798,31.259,NA,0.554,NA,-169.875,5.551
216,1,217,24.694,4.814,1.8,0,145.656,31.053,NA,0.858,NA,-177.397,-7.522
217,1,218,24.168,4.678,1.808333333,0,146.2,31.046,NA,0.544,NA,-165.466,11.932
218,1,219,23.804,4.535,1.816666667,0,146.591,31.095,NA,0.391,NA,-158.552,6.913
219,1,220,23.102,4.379,1.825,0,147.309,31.084,NA,0.719,NA,-167.471,-8.919
220,1,221,22.323,4.314,1.833333333,0,148.092,30.986,NA,0.782,NA,-175.236,-7.765
221,1,222,21.699,4.353,1.841666667,0,148.716,30.833,NA,0.625,NA,176.424,-8.34
222,1,223,21.14,4.353,1.85,0,149.275,30.739,NA,0.559,NA,180,3.576
223,1,224,20.64,4.249,1.858333333,0,149.786,30.767,NA,0.511,NA,-168.261,11.739
224,1,225,19.744,4.307,1.866666667,0,150.685,30.595,NA,0.898,NA,176.269,-15.47
225,1,226,18.828,4.522,1.875,0,151.625,30.291,NA,0.941,NA,166.827,-9.441
226,1,227,18.36,4.795,1.883333333,0,152.167,29.983,NA,0.542,NA,149.744,-17.084
227,1,228,17.97,5.067,1.891666667,0,152.643,29.686,NA,0.476,NA,145.008,-4.736
228,1,229,17.151,5.145,1.9,0,153.465,29.573,NA,0.822,NA,174.56,29.552
229,1,230,16.567,5.36,1.908333333,0,154.088,29.347,NA,0.623,NA,159.864,-14.696
230,1,231,15.943,5.477,1.916666667,0,154.722,29.231,NA,0.635,NA,169.38,9.517
231,1,232,15.417,5.691,1.925,0,155.291,29.027,NA,0.568,NA,157.834,-11.547
232,1,233,15.027,5.828,1.933333333,0,155.704,28.905,NA,0.413,NA,160.71,2.876
233,1,234,14.442,6.042,1.941666667,0,156.326,28.722,NA,0.623,NA,159.864,-0.846
234,1,235,13.643,6.51,1.95,0,157.252,28.319,NA,0.926,NA,149.657,-10.207
235,1,236,13.195,6.802,1.958333333,0,157.787,28.074,NA,0.535,NA,146.889,-2.768
236,1,237,12.708,7.309,1.966666667,0,158.49,27.629,NA,0.703,NA,133.877,-13.012
237,1,238,12.279,7.835,1.975,0,159.169,27.167,NA,0.679,NA,129.174,-4.703
238,1,239,11.681,8.173,1.983333333,0,159.856,26.928,NA,0.687,NA,150.524,21.35
239,1,240,11.239,8.641,1.991666667,0,160.499,26.548,NA,0.643,NA,133.363,-17.161
240,1,241,11.005,8.927,2,0,160.869,26.313,NA,0.369,NA,129.289,-4.074
241,1,242,10.85,9.238,2.008333333,0,161.217,26.04,NA,0.349,NA,116.565,-12.724
242,1,243,10.252,10.122,2.016666667,0,162.284,25.312,NA,1.067,NA,124.077,7.512
243,1,244,9.992,10.746,2.025,0,162.96,24.772,NA,0.676,NA,112.62,-11.457
244,1,245,9.628,11.369,2.033333333,0,163.682,24.266,NA,0.722,NA,120.256,7.637
245,1,246,9.55,12.071,2.041666667,0,164.388,23.614,NA,0.706,NA,96.34,-23.916
246,1,247,9.134,12.565,2.05,0,165.033,23.266,NA,0.646,NA,130.101,33.761
247,1,248,8.823,13.24,2.058333333,0,165.777,22.724,NA,0.744,NA,114.775,-15.326
248,1,249,8.563,14.098,2.066666667,0,166.673,22.006,NA,0.896,NA,106.858,-7.917
249,1,250,8.407,14.67,2.075,0,167.266,21.528,NA,0.593,NA,105.255,-1.603
250,1,251,8.303,15.345,2.083333333,0,167.95,20.94,NA,0.684,NA,98.746,-6.509
251,1,252,8.225,15.917,2.091666667,0,168.527,20.443,NA,0.577,NA,97.765,-0.981
252,1,253,8.121,16.489,2.1,0,169.108,19.961,NA,0.581,NA,100.305,2.54
253,1,254,8.069,17.45,2.108333333,0,170.071,19.11,NA,0.963,NA,93.094,-7.211
254,1,255,8.069,18.048,2.116666667,0,170.668,18.572,NA,0.598,NA,90,-3.094
255,1,256,8.173,19.009,2.125,0,171.635,17.667,NA,0.967,NA,83.83,-6.17
256,1,257,8.303,19.867,2.133333333,0,172.503,16.847,NA,0.867,NA,81.384,-2.445
257,1,258,8.563,20.491,2.141666667,0,173.178,16.175,NA,0.676,NA,67.38,-14.004
258,1,259,8.719,20.958,2.15,0,173.671,15.69,NA,0.493,NA,71.565,4.185
259,1,260,8.907,21.556,2.158333333,0,174.298,15.076,NA,0.627,NA,72.504,0.939
260,1,261,9.004,22.004,2.166666667,0,174.757,14.638,NA,0.459,NA,77.735,5.231
261,1,262,9.199,22.336,2.175,0,175.141,14.253,NA,0.384,NA,59.534,-18.201
262,1,263,9.589,23.174,2.183333333,0,176.066,13.333,NA,0.924,NA,65.056,5.522
263,1,264,9.862,23.72,2.191666667,0,176.676,12.724,NA,0.61,NA,63.435,-1.621
264,1,265,10.154,24.187,2.2,0,177.227,12.172,NA,0.552,NA,57.995,-5.44
265,1,266,10.466,24.733,2.208333333,0,177.856,11.544,NA,0.629,NA,60.255,2.261
266,1,267,10.973,25.084,2.216666667,0,178.472,10.989,NA,0.616,NA,34.695,-25.56
267,1,268,11.402,25.552,2.225,0,179.107,10.373,NA,0.635,NA,47.49,12.794
268,1,269,11.967,26.214,2.233333333,0,179.978,9.524,NA,0.871,NA,49.538,2.048
269,1,270,12.298,26.682,2.241666667,0,180.551,8.957,NA,0.573,NA,54.689,5.151
270,1,271,12.552,26.857,2.25,0,180.859,8.689,NA,0.308,NA,34.695,-19.994
271,1,272,12.941,27.228,2.258333333,0,181.397,8.189,NA,0.538,NA,43.531,8.836
272,1,273,13.487,27.618,2.266666667,0,182.067,7.619,NA,0.671,NA,35.538,-7.994
273,1,274,14.072,28.046,2.275,0,182.793,7.016,NA,0.725,NA,36.254,0.716
274,1,275,14.618,28.417,2.283333333,0,183.452,6.505,NA,0.66,NA,34.16,-2.094
275,1,276,15.085,28.709,2.291666667,0,184.004,6.114,NA,0.552,NA,32.005,-2.154
276,1,277,15.807,29.118,2.3,0,184.833,5.607,NA,0.829,NA,29.578,-2.428
277,1,278,16.177,29.333,2.308333333,0,185.261,5.374,NA,0.428,NA,30.069,0.491
278,1,279,16.625,29.489,2.316666667,0,185.735,5.228,NA,0.475,NA,19.179,-10.89
279,1,280,16.995,29.625,2.325,0,186.13,5.13,NA,0.395,NA,20.225,1.046
280,1,281,17.736,29.703,2.333333333,0,186.875,5.21,NA,0.745,NA,6.009,-14.216
281,1,282,18.301,29.956,2.341666667,0,187.494,5.161,NA,0.619,NA,24.146,18.137
282,1,283,18.789,30.015,2.35,0,187.985,5.319,NA,0.491,NA,6.843,-17.303
283,1,284,19.217,30.112,2.358333333,255,188.425,5.452,NA,0.44,NA,12.804,5.961
284,1,285,20.075,30.112,2.366666667,0,189.282,5.958,NA,0.858,NA,0,-12.804
285,1,286,20.484,30.151,2.375,0,189.693,6.198,NA,0.411,NA,5.44,5.44
286,1,287,20.874,30.151,2.383333333,0,190.083,6.468,NA,0.39,NA,0,-5.44
287,1,288,21.478,30.151,2.391666667,0,190.687,6.91,NA,0.604,NA,0,0
288,1,289,22.258,30.093,2.4,0,191.469,7.55,NA,0.782,NA,-4.289,-4.289
289,1,290,23.213,30.054,2.408333333,0,192.425,8.348,NA,0.956,NA,-2.337,1.952
290,1,291,23.875,29.917,2.416666667,0,193.101,8.978,NA,0.677,NA,-11.634,-9.296
291,1,292,24.499,29.703,2.425,0,193.761,9.621,NA,0.66,NA,-18.97,-7.337
292,1,293,25.103,29.567,2.433333333,0,194.38,10.21,NA,0.619,NA,-12.724,6.246
293,1,294,25.786,29.528,2.441666667,0,195.064,10.824,NA,0.683,NA,-3.27,9.454
294,1,295,26.214,29.391,2.45,0,195.514,11.266,NA,0.45,NA,-17.65,-14.38
295,1,296,26.682,29.255,2.458333333,0,196.001,11.743,NA,0.487,NA,-16.26,1.39
296,1,297,27.15,29.021,2.466666667,0,196.524,12.266,NA,0.523,NA,-26.565,-10.305
297,1,298,27.676,28.729,2.475,0,197.126,12.868,NA,0.602,NA,-29.055,-2.49
298,1,299,28.183,28.397,2.483333333,0,197.731,13.47,NA,0.605,NA,-33.179,-4.124
299,1,300,28.514,28.007,2.491666667,0,198.243,13.947,NA,0.512,NA,-49.635,-16.457
300,1,301,28.982,27.618,2.5,0,198.852,14.545,NA,0.609,NA,-39.806,9.83
301,1,302,29.469,27.072,2.508333333,0,199.583,15.238,NA,0.732,NA,-48.24,-8.434
302,1,303,29.839,26.604,2.516666667,0,200.18,15.795,NA,0.597,NA,-51.633,-3.393
303,1,304,30.6,26.312,2.525,0,200.994,16.598,NA,0.814,NA,-21.038,30.595
304,1,305,30.853,25.863,2.533333333,0,201.509,17.045,NA,0.515,NA,-60.524,-39.487
305,1,306,31.145,25.298,2.541666667,0,202.146,17.591,NA,0.636,NA,-62.65,-2.126
306,1,307,31.399,24.694,2.55,0,202.801,18.132,NA,0.655,NA,-67.249,-4.599
307,1,308,31.743,24.363,2.558333333,0,203.279,18.603,NA,0.478,NA,-43.898,23.351
308,1,309,31.951,23.921,2.566666667,0,203.767,19.023,NA,0.488,NA,-64.799,-20.901
309,1,310,32.055,23.531,2.575,0,204.17,19.331,NA,0.403,NA,-75.069,-10.27
310,1,311,32.211,22.959,2.583333333,0,204.763,19.792,NA,0.593,NA,-74.745,0.324
311,1,312,32.419,22.466,2.591666667,0,205.299,20.254,NA,0.536,NA,-67.166,7.579
312,1,313,32.653,21.998,2.6,0,205.822,20.725,NA,0.523,NA,-63.435,3.731
313,1,314,32.782,21.478,2.608333333,0,206.357,21.149,NA,0.536,NA,-75.964,-12.529
314,1,315,32.912,20.984,2.616666667,0,206.868,21.561,NA,0.511,NA,-75.256,0.707
315,1,316,32.99,20.283,2.625,0,207.574,22.073,NA,0.706,NA,-83.66,-8.403
316,1,317,33.12,19.789,2.633333333,0,208.084,22.496,NA,0.511,NA,-75.256,8.403
317,1,318,33.328,19.061,2.641666667,0,208.841,23.138,NA,0.757,NA,-74.055,1.202
318,1,319,33.276,18.62,2.65,0,209.286,23.401,NA,0.445,NA,-96.71,-22.655
319,1,320,33.387,18.087,2.658333333,0,209.83,23.849,NA,0.544,NA,-78.288,18.422
320,1,321,33.387,17.463,2.666666667,0,210.454,24.288,NA,0.624,NA,-90,-11.712
321,1,322,33.348,16.878,2.675,0,211.04,24.68,NA,0.586,NA,-93.814,-3.814
322,1,323,33.309,16.43,2.683333333,0,211.49,24.979,NA,0.45,NA,-94.97,-1.156
323,1,324,33.172,15.943,2.691666667,0,211.996,25.246,NA,0.506,NA,-105.642,-10.673
324,1,325,33.114,15.475,2.7,0,212.467,25.557,NA,0.471,NA,-97.125,8.517
325,1,326,32.938,14.774,2.708333333,0,213.19,25.976,NA,0.723,NA,-104.036,-6.911
326,1,327,32.588,13.994,2.716666667,0,214.045,26.361,NA,0.855,NA,-114.228,-10.192
327,1,328,32.451,13.565,2.725,0,214.495,26.616,NA,0.45,NA,-107.65,6.578
328,1,329,32.295,13.273,2.733333333,0,214.827,26.755,NA,0.331,NA,-118.072,-10.422
329,1,330,32.178,13.078,2.741666667,0,215.054,26.842,NA,0.227,NA,-120.964,-2.891
330,1,331,31.808,12.415,2.75,0,215.813,27.165,NA,0.759,NA,-119.197,1.766
331,1,332,31.399,11.986,2.758333333,0,216.406,27.289,NA,0.593,NA,-133.668,-14.47
332,1,333,31.067,11.519,2.766666667,0,216.979,27.5,NA,0.573,NA,-125.311,8.357
333,1,334,30.853,10.973,2.775,0,217.565,27.849,NA,0.586,NA,-111.448,13.863
334,1,335,30.522,10.505,2.783333333,0,218.139,28.079,NA,0.573,NA,-125.311,-13.863
335,1,336,30.034,9.959,2.791666667,0,218.87,28.311,NA,0.732,NA,-131.76,-6.449
336,1,337,29.976,9.648,2.8,0,219.187,28.556,NA,0.317,NA,-100.62,31.141
337,1,338,29.606,9.043,2.808333333,0,219.896,28.915,NA,0.709,NA,-121.504,-20.885
338,1,339,29.294,8.79,2.816666667,0,220.298,28.999,NA,0.402,NA,-140.906,-19.402
339,1,340,28.748,8.4,2.825,0,220.969,29.11,NA,0.671,NA,-144.462,-3.556
340,1,341,28.261,8.01,2.833333333,0,221.593,29.26,NA,0.624,NA,-141.34,3.122
341,1,342,27.793,7.757,2.841666667,0,222.124,29.304,NA,0.532,NA,-151.557,-10.217
342,1,343,27.286,7.426,2.85,0,222.73,29.416,NA,0.605,NA,-146.821,4.736
343,1,344,26.604,7.153,2.858333333,0,223.465,29.423,NA,0.735,NA,-158.199,-11.377
344,1,345,25.922,6.783,2.866666667,0,224.241,29.541,NA,0.776,NA,-151.504,6.694
345,1,346,25.246,6.536,2.875,0,224.96,29.562,NA,0.719,NA,-159.928,-8.424
346,1,347,24.882,6.419,2.883333333,0,225.342,29.566,NA,0.382,NA,-162.181,-2.253
347,1,348,24.389,6.276,2.891666667,0,225.856,29.563,NA,0.514,NA,-163.856,-1.675
348,1,349,23.804,6.224,2.9,0,226.443,29.458,NA,0.587,NA,-174.92,-11.065
349,1,350,23.167,6.185,2.908333333,0,227.081,29.34,NA,0.638,NA,-176.496,-1.576
350,1,351,22.687,6.094,2.916666667,0,227.571,29.32,NA,0.489,NA,-169.287,7.21
351,1,352,22.102,6.146,2.925,0,228.158,29.147,NA,0.587,NA,174.92,-15.793
352,1,353,21.517,6.12,2.933333333,0,228.743,29.061,NA,0.585,NA,-177.455,7.624
353,1,354,20.958,6.211,2.941666667,0,229.309,28.876,NA,0.566,NA,170.754,-11.791
354,1,355,20.361,6.172,2.95,0,229.908,28.824,NA,0.599,NA,-176.269,12.978
355,1,356,19.776,6.367,2.958333333,0,230.524,28.553,NA,0.616,NA,161.565,-22.166
356,1,357,19.087,6.393,2.966666667,0,231.213,28.451,NA,0.689,NA,177.839,16.274
357,1,358,18.334,6.692,2.975,0,232.024,28.089,NA,0.811,NA,158.369,-19.47
358,1,359,17.606,6.977,2.983333333,0,232.806,27.76,NA,0.782,NA,158.552,0.183
359,1,360,17.177,7.276,2.991666667,0,233.328,27.444,NA,0.523,NA,145.125,-13.428
360,1,361,16.619,7.575,3,0,233.962,27.132,NA,0.634,NA,151.858,6.734
361,1,362,16.255,7.757,3.008333333,0,234.369,26.948,NA,0.407,NA,153.435,1.577
362,1,363,15.891,7.991,3.016666667,0,234.801,26.717,NA,0.433,NA,147.265,-6.17
363,1,364,15.319,8.199,3.025,0,235.41,26.524,NA,0.608,NA,160.017,12.752
364,1,365,14.761,8.563,3.033333333,0,236.076,26.187,NA,0.667,NA,146.929,-13.088
365,1,366,14.033,8.965,3.041666667,0,236.908,25.838,NA,0.832,NA,151.032,4.103
366,1,367,13.643,9.316,3.05,0,237.433,25.526,NA,0.524,NA,138.013,-13.02
367,1,368,13.006,9.628,3.058333333,0,238.141,25.29,NA,0.709,NA,153.905,15.892
368,1,369,12.37,10.07,3.066666667,0,238.916,24.944,NA,0.775,NA,145.244,-8.66
369,1,370,11.798,10.564,3.075,0,239.672,24.554,NA,0.755,NA,139.185,-6.059
370,1,371,11.486,11.005,3.083333333,0,240.213,24.18,NA,0.541,NA,125.218,-13.967
371,1,372,11.161,11.421,3.091666667,0,240.74,23.84,NA,0.528,NA,127.999,2.781
372,1,373,10.992,11.824,3.1,0,241.177,23.485,NA,0.437,NA,112.751,-15.248
373,1,374,10.746,12.539,3.108333333,0,241.933,22.847,NA,0.756,NA,109.058,-3.693
374,1,375,10.616,12.967,3.116666667,0,242.381,22.464,NA,0.448,NA,106.858,-2.199
375,1,376,10.551,13.279,3.125,0,242.7,22.179,NA,0.319,NA,101.768,-5.09
376,1,377,10.447,13.565,3.133333333,0,243.004,21.931,NA,0.304,NA,109.983,8.215
377,1,378,9.914,14.865,3.141666667,0,244.408,20.837,NA,1.404,NA,112.294,2.311
378,1,379,9.794,15.475,3.15,0,245.031,20.295,NA,0.622,NA,101.134,-11.16
379,1,380,9.687,16.128,3.158333333,0,245.692,19.713,NA,0.662,NA,99.324,-1.81
380,1,381,9.667,16.664,3.166666667,0,246.229,19.215,NA,0.536,NA,92.083,-7.241
381,1,382,9.696,17.414,3.175,0,246.979,18.502,NA,0.751,NA,87.769,-4.314
382,1,383,9.602,17.866,3.183333333,0,247.441,18.116,NA,0.461,NA,101.785,14.016
383,1,384,9.615,18.581,3.191666667,0,248.155,17.448,NA,0.715,NA,88.958,-12.826
384,1,385,9.589,19.022,3.2,0,248.598,17.051,NA,0.443,NA,93.366,4.408
385,1,386,9.654,19.737,3.208333333,0,249.316,16.37,NA,0.718,NA,84.806,-8.561
386,1,387,9.745,20.309,3.216666667,0,249.895,15.811,NA,0.579,NA,80.961,-3.845
387,1,388,9.888,20.932,3.225,0,250.534,15.184,NA,0.64,NA,77.093,-3.868
388,1,389,10.174,21.426,3.233333333,0,251.105,14.616,NA,0.571,NA,59.931,-17.161
389,1,390,10.291,21.829,3.241666667,0,251.524,14.202,NA,0.419,NA,73.811,13.879
390,1,391,10.512,22.154,3.25,0,251.917,13.814,NA,0.393,NA,55.784,-18.026
391,1,392,10.863,22.622,3.258333333,0,252.502,13.243,NA,0.585,NA,53.13,-2.654
392,1,393,11.239,22.998,3.266666667,0,253.035,12.746,NA,0.533,NA,45,-8.13
393,1,394,11.889,23.479,3.275,0,253.843,12.055,NA,0.808,NA,36.501,-8.499
394,1,395,12.383,23.908,3.283333333,0,254.497,11.48,NA,0.654,NA,40.972,4.47
395,1,396,12.864,24.142,3.291666667,0,255.032,11.103,NA,0.535,NA,25.942,-15.029
396,1,397,13.162,24.947,3.3,0,255.891,10.244,NA,0.859,NA,69.647,43.704
397,1,398,13.539,25.311,3.308333333,0,256.415,9.786,NA,0.524,NA,43.995,-25.652
398,1,399,13.994,25.714,3.316666667,0,257.022,9.278,NA,0.608,NA,41.532,-2.463
399,1,400,14.241,25.909,3.325,0,257.337,9.03,NA,0.315,NA,38.29,-3.242
400,1,401,14.514,26.182,3.333333333,0,257.722,8.705,NA,0.386,NA,45,6.71
401,1,402,14.981,26.364,3.341666667,0,258.224,8.442,NA,0.502,NA,21.251,-23.749
402,1,403,15.514,26.767,3.35,0,258.892,7.976,NA,0.668,NA,37.093,15.842
403,1,404,15.917,27.039,3.358333333,0,259.379,7.675,NA,0.487,NA,34.114,-2.978
404,1,405,16.177,27.234,3.366666667,0,259.704,7.472,NA,0.325,NA,36.87,2.755
405,1,406,16.749,27.377,3.375,0,260.293,7.343,NA,0.589,NA,14.036,-22.834
406,1,407,17.125,27.598,3.383333333,0,260.73,7.157,NA,0.437,NA,30.379,16.343
407,1,408,17.931,27.845,3.391666667,255,261.572,7.056,NA,0.843,NA,17.038,-13.341
408,1,409,18.282,27.91,3.4,255,261.929,7.084,NA,0.357,NA,10.491,-6.546
409,1,410,18.633,28.001,3.408333333,0,262.291,7.105,NA,0.362,NA,14.534,4.043
410,1,411,18.879,28.027,3.416666667,0,262.54,7.166,NA,0.248,NA,6.009,-8.525
411,1,412,19.36,28.131,3.425,0,263.032,7.26,NA,0.492,NA,12.2,6.191
412,1,413,19.841,28.144,3.433333333,0,263.513,7.465,NA,0.481,NA,1.548,-10.652
413,1,414,20.374,28.079,3.441666667,0,264.049,7.789,NA,0.537,NA,-6.953,-8.501
414,1,415,21.166,28.079,3.45,0,264.842,8.233,NA,0.793,NA,0,6.953
415,1,416,21.491,28.131,3.458333333,0,265.171,8.389,NA,0.329,NA,9.09,9.09
416,1,417,21.79,28.209,3.466666667,0,265.48,8.518,NA,0.309,NA,14.621,5.531
417,1,418,22.271,28.131,3.475,0,265.967,8.894,NA,0.487,NA,-9.211,-23.832
418,1,419,22.791,28.001,3.483333333,0,266.502,9.345,NA,0.536,NA,-14.036,-4.825
419,1,420,23.297,27.767,3.491666667,0,267.06,9.868,NA,0.558,NA,-24.775,-10.739
420,1,421,23.83,27.65,3.5,0,267.606,10.333,NA,0.545,NA,-12.381,12.394
421,1,422,24.285,27.52,3.508333333,0,268.079,10.756,NA,0.473,NA,-15.945,-3.565
422,1,423,24.701,27.507,3.516666667,0,268.495,11.077,NA,0.416,NA,-1.79,14.155
423,1,424,24.986,27.299,3.525,0,268.848,11.43,NA,0.353,NA,-36.027,-34.237
424,1,425,25.402,27.039,3.533333333,0,269.339,11.915,NA,0.49,NA,-32.005,4.022
425,1,426,25.857,26.624,3.541666667,0,269.955,12.531,NA,0.616,NA,-42.436,-10.431
426,1,427,26.312,26.325,3.55,0,270.499,13.071,NA,0.544,NA,-33.311,9.126
427,1,428,26.702,25.831,3.558333333,0,271.128,13.688,NA,0.629,NA,-51.71,-18.399
428,1,429,27.013,25.441,3.566666667,0,271.627,14.178,NA,0.499,NA,-51.34,0.37
429,1,430,27.364,25.051,3.575,0,272.152,14.698,NA,0.524,NA,-48.013,3.327
430,1,431,27.728,24.675,3.583333333,0,272.675,15.22,NA,0.524,NA,-46.005,2.008
431,1,432,27.897,24.48,3.591666667,0,272.933,15.476,NA,0.258,NA,-49.086,-3.081
432,1,433,28.079,24.207,3.6,0,273.261,15.793,NA,0.328,NA,-56.31,-7.224
433,1,434,28.326,23.947,3.608333333,0,273.62,16.15,NA,0.358,NA,-46.469,9.841
434,1,435,28.508,23.713,3.616666667,0,273.916,16.442,NA,0.296,NA,-52.125,-5.656
435,1,436,28.716,23.323,3.625,0,274.358,16.858,NA,0.442,NA,-61.928,-9.802
436,1,437,28.975,22.778,3.633333333,0,274.962,17.419,NA,0.604,NA,-64.537,-2.609
437,1,438,29.313,22.258,3.641666667,0,275.582,18.022,NA,0.62,NA,-56.976,7.561
438,1,439,29.495,21.751,3.65,0,276.121,18.505,NA,0.538,NA,-70.253,-13.277
439,1,440,29.677,21.439,3.658333333,0,276.482,18.854,NA,0.361,NA,-59.744,10.51
440,1,441,29.768,20.997,3.666666667,0,276.933,19.231,NA,0.451,NA,-78.366,-18.623
441,1,442,29.833,20.387,3.675,0,277.547,19.715,NA,0.614,NA,-83.928,-5.561
442,1,443,29.937,19.88,3.683333333,0,278.064,20.157,NA,0.517,NA,-78.408,5.52
443,1,444,29.807,19.295,3.691666667,0,278.663,20.504,NA,0.599,NA,-102.529,-24.121
444,1,445,29.924,18.477,3.7,0,279.49,21.202,NA,0.827,NA,-81.87,20.659
445,1,446,29.846,18.022,3.708333333,0,279.951,21.502,NA,0.461,NA,-99.728,-17.858
446,1,447,29.794,17.567,3.716666667,0,280.409,21.825,NA,0.458,NA,-96.52,3.208
447,1,448,29.664,17.229,3.725,0,280.771,22.012,NA,0.362,NA,-111.038,-14.518
448,1,449,29.586,16.904,3.733333333,0,281.105,22.224,NA,0.334,NA,-103.496,7.542
449,1,450,29.573,16.541,3.741666667,0,281.469,22.509,NA,0.364,NA,-92.045,11.45
450,1,451,29.391,16.073,3.75,0,281.971,22.783,NA,0.502,NA,-111.251,-19.205
451,1,452,29.274,15.67,3.758333333,0,282.39,23.047,NA,0.419,NA,-106.189,5.061
452,1,453,29.105,14.994,3.766666667,0,283.087,23.516,NA,0.696,NA,-104.036,2.153
453,1,454,28.949,14.592,3.775,0,283.519,23.771,NA,0.432,NA,-111.161,-7.125
454,1,455,28.819,14.202,3.783333333,0,283.93,24.034,NA,0.411,NA,-108.435,2.726
455,1,456,28.703,13.773,3.791666667,0,284.374,24.341,NA,0.444,NA,-105.255,3.18
456,1,457,28.482,13.37,3.8,0,284.834,24.578,NA,0.459,NA,-118.74,-13.485
457,1,458,28.196,12.902,3.808333333,0,285.382,24.846,NA,0.548,NA,-121.43,-2.69
458,1,459,27.858,12.578,3.816666667,0,285.85,24.973,NA,0.469,NA,-136.123,-14.694
459,1,460,27.546,12.253,3.825,0,286.301,25.12,NA,0.45,NA,-133.831,2.292
460,1,461,27,11.85,3.833333333,0,286.979,25.244,NA,0.678,NA,-143.569,-9.738
461,1,462,26.442,11.421,3.841666667,0,287.683,25.405,NA,0.704,NA,-142.496,1.073
462,1,463,26.221,11.161,3.85,0,288.024,25.556,NA,0.341,NA,-130.365,12.131
463,1,464,25.935,10.746,3.858333333,0,288.529,25.832,NA,0.505,NA,-124.509,5.856
464,1,465,25.558,10.447,3.866666667,0,289.01,25.972,NA,0.481,NA,-141.582,-17.073
465,1,466,24.986,10.018,3.875,0,289.725,26.178,NA,0.715,NA,-143.13,-1.548
466,1,467,24.597,9.641,3.883333333,0,290.267,26.408,NA,0.542,NA,-135.971,7.159
467,1,468,24.272,9.381,3.891666667,0,290.683,26.555,NA,0.416,NA,-141.34,-5.369
468,1,469,23.83,9.303,3.9,0,291.131,26.5,NA,0.449,NA,-169.992,-28.652
469,1,470,23.388,9.342,3.908333333,0,291.575,26.34,NA,0.443,NA,174.958,-15.05
470,1,471,22.661,9.173,3.916666667,0,292.322,26.317,NA,0.747,NA,-166.931,18.112
471,1,472,22.297,9.134,3.925,0,292.688,26.269,NA,0.366,NA,-173.884,-6.954
472,1,473,21.894,9.017,3.933333333,0,293.107,26.294,NA,0.419,NA,-163.811,10.074
473,1,474,21.413,8.991,3.941666667,0,293.589,26.221,NA,0.481,NA,-176.906,-13.095
474,1,475,20.997,8.914,3.95,0,294.012,26.22,NA,0.423,NA,-169.38,7.526
475,1,476,20.66,8.836,3.958333333,0,294.358,26.238,NA,0.347,NA,-167.005,2.375
476,1,477,20.374,8.823,3.966666667,0,294.644,26.205,NA,0.286,NA,-177.397,-10.392
477,1,478,19.789,8.888,3.975,0,295.233,26.055,NA,0.588,NA,173.66,-8.943
478,1,479,19.191,9.004,3.983333333,0,295.842,25.865,NA,0.609,NA,168.93,-4.73
479,1,480,18.529,9.147,3.991666667,0,296.52,25.657,NA,0.678,NA,167.829,-1.101
480,1,481,18.022,9.238,4,0,297.035,25.527,NA,0.515,NA,169.824,1.996
481,1,482,17.671,9.355,4.008333333,0,297.404,25.388,NA,0.37,NA,161.565,-8.259
482,1,483,17.424,9.472,4.016666667,0,297.677,25.259,NA,0.273,NA,154.654,-6.911
483,1,484,16.684,9.615,4.025,0,298.432,25.094,NA,0.754,NA,169.077,14.423
484,1,485,16.268,9.797,4.033333333,0,298.886,24.908,NA,0.454,NA,156.371,-12.707
485,1,486,15.969,10.018,4.041666667,0,299.257,24.69,NA,0.372,NA,143.531,-12.84
486,1,487,15.566,10.226,4.05,0,299.711,24.49,NA,0.453,NA,152.7,9.17
487,1,488,15.02,10.59,4.058333333,0,300.366,24.149,NA,0.656,NA,146.31,-6.39
488,1,489,14.592,10.811,4.066666667,0,300.849,23.955,NA,0.482,NA,152.745,6.435
489,1,490,14.306,11.2,4.075,0,301.332,23.588,NA,0.483,NA,126.254,-26.491
490,1,491,13.741,11.528,4.083333333,0,301.986,23.316,NA,0.654,NA,149.867,23.613
491,1,492,13.322,11.899,4.091666667,0,302.545,22.998,NA,0.559,NA,138.532,-11.334
492,1,493,12.62,12.357,4.1,0,303.383,22.647,NA,0.838,NA,146.864,8.332
493,1,494,12.133,12.864,4.108333333,0,304.086,22.232,NA,0.703,NA,133.877,-12.988
494,1,495,11.86,13.214,4.116666667,0,304.53,21.941,NA,0.444,NA,127.875,-6.002
495,1,496,11.645,13.643,4.125,0,305.01,21.566,NA,0.479,NA,116.565,-11.31
496,1,497,11.519,13.965,4.133333333,0,305.355,21.28,NA,0.346,NA,111.501,-5.064
497,1,498,11.46,14.384,4.141666667,0,305.778,20.886,NA,0.423,NA,97.943,-13.558
498,1,499,11.295,14.822,4.15,0,306.247,20.499,NA,0.469,NA,110.695,12.752
499,1,500,11.139,15.582,4.158333333,0,307.023,19.802,NA,0.776,NA,101.592,-9.103
500,1,501,10.905,16.118,4.166666667,0,307.608,19.349,NA,0.585,NA,113.575,11.983
501,1,502,10.778,16.801,4.175,0,308.302,18.731,NA,0.694,NA,100.521,-13.054
502,1,503,10.798,17.346,4.183333333,0,308.848,18.205,NA,0.546,NA,87.955,-12.566
503,1,504,10.846,18.369,4.191666667,0,309.872,17.216,NA,1.024,NA,87.274,-0.681
504,1,505,10.973,18.759,4.2,0,310.282,16.806,NA,0.41,NA,71.996,-15.278
505,1,506,11.08,19.412,4.208333333,0,310.944,16.153,NA,0.662,NA,80.676,8.681
506,1,507,11.363,19.929,4.216666667,0,311.532,15.574,NA,0.589,NA,61.314,-19.363
507,1,508,11.684,20.416,4.225,0,312.116,15.011,NA,0.584,NA,56.575,-4.739
508,1,509,12.025,20.825,4.233333333,0,312.649,14.518,NA,0.533,NA,50.194,-6.381
509,1,510,12.318,20.958,4.241666667,0,312.97,14.307,NA,0.321,NA,24.492,-25.703
510,1,511,12.383,21.244,4.25,0,313.263,14.014,NA,0.293,NA,77.196,52.704
511,1,512,12.643,21.621,4.258333333,0,313.721,13.581,NA,0.458,NA,55.408,-21.788
512,1,513,12.812,22.063,4.266666667,0,314.194,13.11,NA,0.473,NA,69.075,13.668
513,1,514,13.071,22.271,4.275,0,314.527,12.842,NA,0.333,NA,38.66,-30.416
514,1,515,13.5,22.739,4.283333333,0,315.161,12.286,NA,0.635,NA,47.49,8.83
515,1,516,14.007,23.232,4.291666667,0,315.869,11.696,NA,0.708,NA,44.256,-3.234
516,1,517,14.423,23.648,4.3,0,316.457,11.212,NA,0.588,NA,45,0.744
517,1,518,14.813,23.895,4.308333333,0,316.918,10.91,NA,0.461,NA,32.347,-12.653
518,1,519,15.072,24.233,4.316666667,0,317.345,10.542,NA,0.426,NA,52.431,20.084
519,1,520,15.345,24.454,4.325,0,317.696,10.294,NA,0.351,NA,38.991,-13.44
520,1,521,15.631,24.714,4.333333333,0,318.082,10.013,NA,0.386,NA,42.274,3.283
521,1,522,15.995,24.921,4.341666667,0,318.501,9.788,NA,0.419,NA,29.745,-12.529
522,1,523,16.463,25.194,4.35,0,319.043,9.513,NA,0.542,NA,30.256,0.512
523,1,524,16.904,25.337,4.358333333,0,319.507,9.389,NA,0.464,NA,17.928,-12.329
524,1,525,17.281,25.545,4.366666667,255,319.937,9.215,NA,0.43,NA,28.887,10.959
525,1,526,17.697,25.662,4.375,255,320.369,9.154,NA,0.432,NA,15.709,-13.178
526,1,527,17.97,25.753,4.383333333,0,320.657,9.11,NA,0.288,NA,18.435,2.726
527,1,528,18.308,25.909,4.391666667,0,321.029,9.027,NA,0.372,NA,24.775,6.34
528,1,529,18.581,25.948,4.4,0,321.305,9.055,NA,0.276,NA,8.13,-16.645
529,1,530,19.23,26.065,4.408333333,0,321.965,9.13,NA,0.66,NA,10.204,2.074
530,1,531,19.633,26.052,4.416666667,0,322.368,9.28,NA,0.403,NA,-1.848,-12.052
531,1,532,19.945,25.961,4.425,0,322.692,9.481,NA,0.325,NA,-16.26,-14.413
532,1,533,20.4,25.948,4.433333333,0,323.147,9.678,NA,0.455,NA,-1.637,14.624
533,1,534,20.88,25.87,4.441666667,0,323.634,9.961,NA,0.487,NA,-9.211,-7.574
534,1,535,21.296,25.714,4.45,0,324.079,10.296,NA,0.444,NA,-20.556,-11.345
535,1,536,21.634,25.623,4.458333333,0,324.428,10.543,NA,0.35,NA,-15.068,5.488
536,1,537,21.894,25.545,4.466666667,0,324.7,10.743,NA,0.271,NA,-16.699,-1.631
537,1,538,22.115,25.454,4.475,0,324.939,10.937,NA,0.239,NA,-22.38,-5.681
538,1,539,22.323,25.324,4.483333333,0,325.184,11.159,NA,0.245,NA,-32.005,-9.625
539,1,540,22.57,25.142,4.491666667,0,325.49,11.446,NA,0.307,NA,-36.384,-4.379
540,1,541,22.765,24.882,4.5,0,325.815,11.77,NA,0.325,NA,-53.13,-16.746
541,1,542,23.115,24.545,4.508333333,0,326.302,12.246,NA,0.487,NA,-43.919,9.211
542,1,543,23.596,24.181,4.516666667,0,326.905,12.817,NA,0.603,NA,-37.117,6.802
543,1,544,24.129,23.765,4.525,0,327.581,13.464,NA,0.676,NA,-37.972,-0.855
544,1,545,24.467,23.7,4.533333333,0,327.925,13.716,NA,0.344,NA,-10.886,27.086
545,1,546,24.792,23.518,4.541666667,0,328.297,14.057,NA,0.372,NA,-29.249,-18.363
546,1,547,25.051,23.375,4.55,0,328.594,14.328,NA,0.297,NA,-28.811,0.438
547,1,548,25.233,23.245,4.558333333,0,328.817,14.542,NA,0.224,NA,-35.538,-6.727
548,1,549,25.428,23.024,4.566666667,0,329.112,14.837,NA,0.295,NA,-48.576,-13.039
549,1,550,25.662,22.791,4.575,0,329.443,15.165,NA,0.331,NA,-45,3.576
550,1,551,25.857,22.479,4.583333333,0,329.81,15.531,NA,0.368,NA,-57.995,-12.995
551,1,552,26.039,22.193,4.591666667,0,330.149,15.868,NA,0.339,NA,-57.529,0.466
552,1,553,26.143,21.972,4.6,0,330.393,16.106,NA,0.244,NA,-64.799,-7.27
553,1,554,26.416,21.465,4.608333333,0,330.969,16.674,NA,0.576,NA,-61.699,3.1
554,1,555,26.624,21.114,4.616666667,0,331.377,17.079,NA,0.408,NA,-59.349,2.35
555,1,556,26.78,20.543,4.625,0,331.969,17.63,NA,0.593,NA,-74.745,-15.396
556,1,557,26.857,20.257,4.633333333,0,332.266,17.906,NA,0.296,NA,-74.745,0
557,1,558,26.883,19.893,4.641666667,0,332.63,18.216,NA,0.365,NA,-85.914,-11.17
558,1,559,26.896,19.529,4.65,0,332.994,18.521,NA,0.364,NA,-87.955,-2.04
559,1,560,26.883,19.178,4.658333333,0,333.346,18.802,NA,0.351,NA,-92.121,-4.167
560,1,561,26.935,18.581,4.666666667,0,333.945,19.327,NA,0.6,NA,-85.03,7.091
561,1,562,26.896,18.191,4.675,0,334.337,19.632,NA,0.392,NA,-95.711,-10.68
562,1,563,26.805,17.866,4.683333333,0,334.675,19.858,NA,0.337,NA,-105.642,-9.932
563,1,564,26.689,17.541,4.691666667,0,335.02,20.073,NA,0.345,NA,-109.799,-4.157
564,1,565,26.572,17.281,4.7,0,335.305,20.236,NA,0.285,NA,-114.228,-4.429
565,1,566,26.403,16.917,4.708333333,0,335.706,20.466,NA,0.401,NA,-114.905,-0.677
566,1,567,26.299,16.645,4.716666667,0,335.998,20.653,NA,0.292,NA,-110.854,4.05
567,1,568,26.104,16.242,4.725,0,336.445,20.914,NA,0.447,NA,-115.821,-4.967
568,1,569,26.039,16.06,4.733333333,0,336.639,21.045,NA,0.193,NA,-109.654,6.167
569,1,570,25.87,15.683,4.741666667,0,337.051,21.303,NA,0.413,NA,-114.146,-4.492
570,1,571,25.714,15.202,4.75,0,337.557,21.665,NA,0.505,NA,-107.969,6.176
571,1,572,25.467,14.878,4.758333333,0,337.965,21.853,NA,0.408,NA,-127.235,-19.266
572,1,573,25.194,14.488,4.766666667,0,338.441,22.095,NA,0.476,NA,-124.992,2.243
573,1,574,24.973,14.15,4.775,0,338.844,22.318,NA,0.404,NA,-123.179,1.814
574,1,575,24.753,13.968,4.783333333,0,339.13,22.401,NA,0.286,NA,-140.528,-17.349
575,1,576,24.571,13.76,4.791666667,0,339.407,22.526,NA,0.276,NA,-131.186,9.342
576,1,577,24.415,13.526,4.8,0,339.688,22.688,NA,0.281,NA,-123.69,7.496
577,1,578,24.168,13.344,4.808333333,0,339.994,22.771,NA,0.307,NA,-143.616,-19.926
578,1,579,23.817,12.928,4.816666667,0,340.538,23.044,NA,0.544,NA,-130.156,13.46
579,1,580,23.375,12.721,4.825,0,341.027,23.101,NA,0.488,NA,-154.799,-24.643
580,1,581,23.076,12.617,4.833333333,0,341.343,23.111,NA,0.316,NA,-160.821,-6.022
581,1,582,22.842,12.435,4.841666667,0,341.639,23.217,NA,0.296,NA,-142.125,18.696
582,1,583,22.453,12.344,4.85,0,342.04,23.198,NA,0.4,NA,-166.866,-24.741
583,1,584,22.193,12.292,4.858333333,0,342.305,23.18,NA,0.265,NA,-168.69,-1.824
584,1,585,22.063,12.214,4.866666667,0,342.456,23.223,NA,0.152,NA,-149.036,19.654
585,1,586,21.92,12.11,4.875,0,342.633,23.289,NA,0.177,NA,-143.973,5.064
586,1,587,21.452,12.006,4.883333333,0,343.112,23.281,NA,0.479,NA,-167.471,-23.499
587,1,588,20.764,11.98,4.891666667,0,343.801,23.163,NA,0.689,NA,-177.839,-10.368
588,1,589,20.231,12.071,4.9,0,344.342,22.977,NA,0.54,NA,170.311,-11.85
589,1,590,20.023,12.136,4.908333333,0,344.56,22.878,NA,0.218,NA,162.646,-7.665
590,1,591,19.698,12.136,4.916666667,0,344.884,22.827,NA,0.325,NA,180,17.354
591,1,592,19.412,12.188,4.925,0,345.175,22.734,NA,0.291,NA,169.695,-10.305
592,1,593,19.1,12.227,4.933333333,0,345.489,22.655,NA,0.314,NA,172.875,3.18
593,1,594,18.828,12.279,4.941666667,0,345.767,22.571,NA,0.278,NA,169.216,-3.659
594,1,595,18.451,12.539,4.95,0,346.225,22.273,NA,0.458,NA,145.408,-23.808
595,1,596,17.905,12.604,4.958333333,0,346.774,22.161,NA,0.55,NA,173.211,27.803
596,1,597,17.437,12.902,4.966666667,0,347.329,21.834,NA,0.555,NA,147.426,-25.785
597,1,598,17.138,13.084,4.975,0,347.679,21.638,NA,0.35,NA,148.671,1.245
598,1,599,16.71,13.227,4.983333333,255,348.131,21.482,NA,0.452,NA,161.565,12.894
599,1,600,16.372,13.305,4.991666667,0,348.478,21.4,NA,0.347,NA,167.005,5.44
600,1,601,16.073,13.487,5,0,348.828,21.219,NA,0.35,NA,148.671,-18.334
601,1,602,15.878,13.695,5.008333333,0,349.113,21.014,NA,0.285,NA,133.152,-15.519
602,1,603,15.761,13.747,5.016666667,0,349.241,20.965,NA,0.128,NA,156.038,22.885
603,1,604,15.527,14.137,5.025,0,349.695,20.582,NA,0.455,NA,120.964,-35.074
604,1,605,15.254,14.527,5.033333333,0,350.171,20.205,NA,0.476,NA,124.992,4.028
605,1,606,15.007,14.929,5.041666667,0,350.644,19.817,NA,0.472,NA,121.504,-3.488
606,1,607,14.722,15.761,5.05,0,351.523,19.009,NA,0.879,NA,108.97,-12.534
607,1,608,14.384,16.099,5.058333333,0,352.001,18.703,NA,0.478,NA,135,26.03
608,1,609,14.306,16.528,5.066666667,0,352.436,18.285,NA,0.436,NA,100.305,-34.695
609,1,610,14.306,16.995,5.075,0,352.904,17.82,NA,0.468,NA,90,-10.305
610,1,611,14.267,17.307,5.083333333,0,353.218,17.514,NA,0.314,NA,97.125,7.125
611,1,612,14.267,17.561,5.091666667,0,353.472,17.263,NA,0.253,NA,90,-7.125
612,1,613,14.208,17.814,5.1,0,353.732,17.018,NA,0.26,NA,102.995,12.995
613,1,614,14.325,18.36,5.108333333,0,354.29,16.462,NA,0.558,NA,77.905,-25.089
614,1,615,14.286,18.925,5.116666667,0,354.857,15.906,NA,0.567,NA,93.945,16.04
615,1,616,14.286,19.471,5.125,0,355.402,15.365,NA,0.546,NA,90,-3.945
616,1,617,14.364,20.172,5.133333333,0,356.108,14.659,NA,0.706,NA,83.66,-6.34
617,1,618,14.54,20.66,5.141666667,0,356.626,14.153,NA,0.518,NA,70.201,-13.459
618,1,619,14.832,20.991,5.15,0,357.068,13.791,NA,0.442,NA,48.576,-21.625
619,1,620,15.124,21.303,5.158333333,0,357.495,13.453,NA,0.427,NA,46.848,-1.729
620,1,621,15.456,21.576,5.166666667,0,357.925,13.156,NA,0.429,NA,39.472,-7.375
621,1,622,15.787,21.732,5.175,0,358.291,12.983,NA,0.366,NA,25.201,-14.271
622,1,623,16.001,21.926,5.183333333,0,358.581,12.782,NA,0.29,NA,42.274,17.073
623,1,624,16.352,22.063,5.191666667,0,358.957,12.643,NA,0.376,NA,21.251,-21.023
624,1,625,16.567,22.18,5.2,0,359.201,12.529,NA,0.244,NA,28.61,7.36
625,1,626,16.859,22.277,5.208333333,255,359.509,12.442,NA,0.308,NA,18.435,-10.176
626,1,627,17.073,22.316,5.216666667,255,359.727,12.415,NA,0.218,NA,10.305,-8.13
627,1,628,17.327,22.414,5.225,255,359.999,12.336,NA,0.271,NA,21.038,10.733
628,1,629,17.678,22.433,5.233333333,0,360.35,12.352,NA,0.351,NA,3.18,-17.858
629,1,630,17.853,22.453,5.241666667,0,360.527,12.353,NA,0.176,NA,6.34,3.16
630,1,631,18.321,22.472,5.25,0,360.995,12.402,NA,0.468,NA,2.386,-3.954
631,1,632,18.633,22.531,5.258333333,0,361.312,12.4,NA,0.317,NA,10.62,8.234
632,1,633,19.022,22.531,5.266666667,0,361.702,12.48,NA,0.39,NA,0,-10.62
633,1,634,19.373,22.745,5.275,0,362.113,12.354,NA,0.411,NA,31.43,31.43
634,1,635,19.763,22.784,5.283333333,0,362.505,12.42,NA,0.392,NA,5.711,-25.719
635,1,636,20.289,22.901,5.291666667,0,363.044,12.467,NA,0.539,NA,12.529,6.818
636,1,637,20.445,22.881,5.3,0,363.201,12.536,NA,0.157,NA,-7.125,-19.654
637,1,638,21.03,22.881,5.308333333,0,363.786,12.742,NA,0.585,NA,0,7.125
638,1,639,21.4,22.862,5.316666667,0,364.157,12.903,NA,0.371,NA,-3.013,-3.013
639,1,640,21.829,22.862,5.325,0,364.585,13.079,NA,0.429,NA,0,3.013
640,1,641,22.082,22.745,5.333333333,0,364.864,13.293,NA,0.279,NA,-24.775,-24.775
641,1,642,22.394,22.628,5.341666667,0,365.197,13.537,NA,0.333,NA,-20.556,4.219
642,1,643,22.667,22.472,5.35,0,365.512,13.8,NA,0.314,NA,-29.745,-9.189
643,1,644,22.959,22.316,5.358333333,255,365.843,14.075,NA,0.331,NA,-28.072,1.672
644,1,645,23.174,22.16,5.366666667,0,366.108,14.314,NA,0.265,NA,-36.027,-7.955
645,1,646,23.31,22.063,5.375,0,366.276,14.465,NA,0.168,NA,-35.538,0.49
646,1,647,23.466,21.907,5.383333333,0,366.496,14.678,NA,0.221,NA,-45,-9.462
647,1,648,23.622,21.693,5.391666667,0,366.761,14.941,NA,0.265,NA,-53.973,-8.973
648,1,649,23.681,21.517,5.4,0,366.946,15.122,NA,0.185,NA,-71.565,-17.592
649,1,650,23.817,21.205,5.408333333,0,367.287,15.461,NA,0.34,NA,-66.371,5.194
650,1,651,23.895,20.952,5.416666667,0,367.552,15.721,NA,0.265,NA,-72.897,-6.527
651,1,652,23.856,20.66,5.425,0,367.847,15.958,NA,0.295,NA,-97.595,-24.697
652,1,653,23.953,20.387,5.433333333,0,368.136,16.245,NA,0.29,NA,-70.346,27.248
653,1,654,23.992,20.055,5.441666667,0,368.47,16.556,NA,0.334,NA,-83.29,-12.944
654,1,655,24.109,19.724,5.45,255,368.821,16.904,NA,0.351,NA,-70.56,12.73
655,1,656,24.109,19.49,5.458333333,255,369.055,17.111,NA,0.234,NA,-90,-19.44
656,1,657,24.109,19.295,5.466666667,0,369.25,17.285,NA,0.195,NA,-90,0
657,1,658,24.07,19.139,5.475,0,369.411,17.406,NA,0.161,NA,-104.036,-14.036
658,1,659,24.073,18.996,5.483333333,0,369.555,17.536,NA,0.144,NA,-89.029,15.007
659,1,660,24.073,18.908,5.491666667,0,369.642,17.615,NA,0.088,NA,-90,-0.971
660,1,661,24.087,18.72,5.5,0,369.831,17.79,NA,0.188,NA,-85.544,4.456
661,1,662,24.09,18.596,5.508333333,0,369.955,17.902,NA,0.124,NA,-88.877,-3.332
662,1,663,24.104,18.501,5.516666667,0,370.051,17.994,NA,0.096,NA,-81.254,7.623
663,1,664,24.109,18.379,5.525,0,370.173,18.106,NA,0.122,NA,-87.709,-6.456
664,1,665,24.109,18.257,5.533333333,0,370.295,18.216,NA,0.122,NA,-90,-2.291
665,1,666,24.114,18.155,5.541666667,0,370.397,18.311,NA,0.102,NA,-87.274,2.726
666,1,667,24.114,17.999,5.55,0,370.553,18.452,NA,0.156,NA,-90,-2.726
667,1,668,24.036,17.785,5.558333333,0,370.781,18.613,NA,0.228,NA,-109.983,-19.983
668,1,669,23.978,17.687,5.566666667,0,370.895,18.678,NA,0.114,NA,-120.964,-10.981
669,1,670,23.944,17.624,5.575,0,370.967,18.722,NA,0.072,NA,-118.301,2.663
670,1,671,23.88,17.502,5.583333333,0,371.104,18.807,NA,0.137,NA,-117.474,0.826
671,1,672,23.817,17.361,5.591666667,0,371.259,18.911,NA,0.155,NA,-114.146,3.329
672,1,673,23.759,17.181,5.6,255,371.448,19.054,NA,0.19,NA,-107.969,6.176
673,1,674,23.674,16.943,5.608333333,0,371.7,19.239,NA,0.252,NA,-109.604,-1.635
674,1,675,23.596,16.82,5.616666667,0,371.846,19.324,NA,0.146,NA,-122.276,-12.672
675,1,676,23.499,16.651,5.625,0,372.041,19.444,NA,0.195,NA,-119.982,2.294
676,1,677,23.382,16.547,5.633333333,0,372.198,19.497,NA,0.156,NA,-138.366,-18.385
677,1,678,23.278,16.456,5.641666667,0,372.336,19.545,NA,0.138,NA,-138.814,-0.448
678,1,679,23.037,16.359,5.65,0,372.595,19.551,NA,0.259,NA,-157.932,-19.118
679,1,680,22.784,16.287,5.658333333,0,372.858,19.533,NA,0.263,NA,-164.249,-6.317
680,1,681,22.453,16.255,5.666666667,0,373.191,19.456,NA,0.333,NA,-174.401,-10.152
681,1,682,22.199,16.17,5.675,0,373.458,19.457,NA,0.267,NA,-161.565,12.836
682,1,683,21.777,16.105,5.683333333,255,373.886,19.395,NA,0.427,NA,-171.254,-9.689
683,1,684,21.439,16.086,5.691666667,0,374.224,19.321,NA,0.338,NA,-176.698,-5.444
684,1,685,21.264,16.105,5.7,0,374.401,19.256,NA,0.176,NA,173.66,-9.642
685,1,686,20.582,16.245,5.708333333,255,375.097,18.955,NA,0.696,NA,168.428,-5.232
686,1,687,20.348,16.206,5.716666667,255,375.334,18.941,NA,0.237,NA,-170.538,21.034
687,1,688,20.075,16.138,5.725,255,375.615,18.951,NA,0.281,NA,-165.964,4.574
688,1,689,19.938,16.167,5.733333333,255,375.755,18.896,NA,0.14,NA,167.905,-26.131
689,2,1,25.669,3.196,5.741666667,0,0,0,NA,NA,NA,NA,NA
690,2,2,25.123,3.021,,0,0.573,0.573,NA,0.573,NA,-162.181,NA
691,2,3,24.577,2.904,,0,1.131,1.13,NA,0.558,NA,-167.905,-5.724
692,2,4,23.778,2.748,,0,1.946,1.943,NA,0.814,NA,-168.959,-1.054
693,2,5,23.213,2.631,,0,2.523,2.52,NA,0.577,NA,-168.311,0.648
694,2,6,22.726,2.592,,0,3.012,3.004,NA,0.489,NA,-175.426,-7.115
695,2,7,21.693,2.456,,0,4.053,4.044,NA,1.042,NA,-172.476,2.95
696,2,8,21.088,2.514,,0,4.66,4.631,NA,0.607,NA,174.472,-13.051
697,2,9,20.439,2.599,,0,5.316,5.264,NA,0.655,NA,172.593,-1.879
698,2,10,19.789,2.612,,0,5.965,5.909,NA,0.65,NA,178.854,6.261
699,2,11,19.126,2.742,,0,6.641,6.558,NA,0.675,NA,168.906,-9.948
700,2,12,18.373,2.742,,0,7.394,7.31,NA,0.754,NA,180,11.094
701,2,13,17.788,2.833,,0,7.986,7.889,NA,0.592,NA,171.158,-8.842
702,2,14,17.132,3.128,,0,8.706,8.537,NA,0.72,NA,155.749,-15.41
703,2,15,16.518,3.333,,0,9.353,9.152,NA,0.647,NA,161.565,5.816
704,2,16,15.875,3.703,,0,10.095,9.807,NA,0.742,NA,150.068,-11.497
705,2,17,15.436,3.908,,0,10.579,10.257,NA,0.484,NA,154.983,4.915
706,2,18,14.432,4.239,,0,11.636,11.284,NA,1.057,NA,161.732,6.749
707,2,19,13.341,4.736,,0,12.835,12.423,NA,1.199,NA,155.518,-6.215
708,2,20,12.932,4.96,,0,13.302,12.858,NA,0.467,NA,151.294,-4.223
709,2,21,12.103,5.409,,0,14.244,13.744,NA,0.942,NA,151.579,0.285
710,2,22,11.246,5.789,,0,15.182,14.654,NA,0.938,NA,156.098,4.519
711,2,23,10.866,6.12,,0,15.686,15.089,NA,0.504,NA,138.918,-17.18
712,2,24,10.583,6.393,,0,16.079,15.42,NA,0.393,NA,136.005,-2.913
713,2,25,10.109,6.809,,0,16.71,15.973,NA,0.631,NA,138.759,2.753
714,2,26,9.381,7.315,,0,17.596,16.8,NA,0.887,NA,145.146,6.387
715,2,27,8.939,7.731,,0,18.203,17.333,NA,0.607,NA,136.736,-8.41
716,2,28,8.368,8.186,,0,18.933,18.006,NA,0.731,NA,141.499,4.764
717,2,29,8.082,8.784,,0,19.596,18.453,NA,0.663,NA,115.56,-25.939
718,2,30,7.783,9.355,,0,20.241,18.916,NA,0.645,NA,117.597,2.037
719,2,31,7.562,9.888,,0,20.818,19.303,NA,0.577,NA,112.521,-5.077
720,2,32,7.328,10.512,,0,21.484,19.745,NA,0.666,NA,110.556,-1.965
721,2,33,6.848,11.317,,0,22.422,20.498,NA,0.938,NA,120.828,10.272
722,2,34,6.497,11.889,,0,23.093,21.05,NA,0.671,NA,121.535,0.707
723,2,35,6.172,12.474,,0,23.762,21.591,NA,0.669,NA,119.055,-2.48
724,2,36,5.945,12.912,,0,24.256,21.987,NA,0.494,NA,117.408,-1.647
725,2,37,5.681,13.721,,0,25.106,22.589,NA,0.851,NA,108.02,-9.388
726,2,38,5.545,14.384,,0,25.783,23.024,NA,0.677,NA,101.634,-6.386
727,2,39,5.457,15.056,,0,26.461,23.434,NA,0.678,NA,97.431,-4.202
728,2,40,5.428,15.884,,0,27.29,23.889,NA,0.829,NA,92.021,-5.41
729,2,41,5.409,16.606,,0,28.011,24.296,NA,0.721,NA,91.548,-0.473
730,2,42,5.418,17.259,,0,28.664,24.654,NA,0.653,NA,89.145,-2.403
731,2,43,5.448,17.902,,0,29.308,25.003,NA,0.644,NA,87.397,-1.747
732,2,44,5.418,18.292,,0,29.699,25.257,NA,0.391,NA,94.289,6.892
733,2,45,5.438,19.081,,0,30.488,25.722,NA,0.79,NA,88.586,-5.704
734,2,46,5.516,19.685,,0,31.098,26.039,NA,0.609,NA,82.648,-5.938
735,2,47,5.574,20.582,,0,31.996,26.571,NA,0.898,NA,86.269,3.621
736,2,48,5.672,21.313,,0,32.733,26.983,NA,0.737,NA,82.405,-3.863
737,2,49,5.896,21.839,,0,33.305,27.175,NA,0.572,NA,66.93,-15.476
738,2,50,5.876,22.414,,0,33.881,27.587,NA,0.575,NA,91.941,25.012
739,2,51,6.003,22.998,,0,34.479,27.908,NA,0.598,NA,77.775,-14.167
740,2,52,6.422,23.729,,0,35.322,28.143,NA,0.842,NA,60.173,-17.602
741,2,53,6.666,24.119,,0,35.781,28.264,NA,0.46,NA,57.995,-2.178
742,2,54,6.835,24.61,,0,36.3,28.517,NA,0.519,NA,70.998,13.003
743,2,55,7.211,25.376,,0,37.154,28.855,NA,0.854,NA,63.825,-7.173
744,2,56,7.536,25.831,,0,37.713,29.002,NA,0.559,NA,54.462,-9.362
745,2,57,7.913,26.351,,0,38.355,29.178,NA,0.642,NA,54.058,-0.404
746,2,58,8.381,26.831,,0,39.026,29.283,NA,0.671,NA,45.785,-8.273
747,2,59,8.732,27.143,,0,39.495,29.331,NA,0.469,NA,41.634,-4.151
748,2,60,9.147,27.65,,0,40.151,29.512,NA,0.655,NA,50.631,8.997
749,2,61,9.524,28.04,,0,40.693,29.628,NA,0.542,NA,45.971,-4.66
750,2,62,9.992,28.469,,0,41.327,29.74,NA,0.635,NA,42.51,-3.461
751,2,63,10.668,29.196,,0,42.32,30.017,NA,0.993,NA,47.121,4.611
752,2,64,11.291,29.625,,0,43.077,30.086,NA,0.757,NA,34.509,-12.613
753,2,65,11.577,29.807,,0,43.416,30.111,NA,0.339,NA,32.471,-2.037
754,2,66,11.967,30.171,,0,43.949,30.255,NA,0.533,NA,43.025,10.554
755,2,67,12.591,30.548,,0,44.678,30.317,NA,0.729,NA,31.139,-11.886
756,2,68,13.513,31.158,,0,45.784,30.49,NA,1.106,NA,33.503,2.364
757,2,69,13.929,31.418,,0,46.275,30.566,NA,0.49,NA,32.005,-1.498
758,2,70,14.384,31.535,,0,46.744,30.503,NA,0.47,NA,14.421,-17.585
759,2,71,15.059,31.847,,0,47.488,30.552,NA,0.744,NA,24.775,10.354
760,2,72,15.644,31.977,,0,48.087,30.476,NA,0.599,NA,12.529,-12.246
761,2,73,16.424,32.224,,0,48.905,30.464,NA,0.818,NA,17.571,5.042
762,2,74,17.073,32.341,,0,49.565,30.385,NA,0.66,NA,10.204,-7.367
763,2,75,17.762,32.445,,0,50.262,30.298,NA,0.696,NA,8.584,-1.62
764,2,76,18.724,32.653,,255,51.245,30.264,NA,0.984,NA,12.2,3.617
765,2,77,19.594,32.847,,0,52.137,30.267,NA,0.892,NA,12.619,0.419
766,2,78,19.945,32.873,,0,52.489,30.224,NA,0.352,NA,4.236,-8.383
767,2,79,20.335,32.86,,0,52.879,30.14,NA,0.39,NA,-1.909,-6.146
768,2,80,20.738,32.821,,0,53.284,30.033,NA,0.405,NA,-5.528,-3.618
769,2,81,21.348,32.86,,0,53.896,29.977,NA,0.612,NA,3.652,9.18
770,2,82,22.011,32.834,,0,54.559,29.863,NA,0.663,NA,-2.246,-5.898
771,2,83,22.479,32.718,,0,55.041,29.693,NA,0.482,NA,-14.036,-11.791
772,2,84,23.037,32.718,,0,55.6,29.638,NA,0.559,NA,0,14.036
773,2,85,23.752,32.575,,0,56.329,29.441,NA,0.729,NA,-11.31,-11.31
774,2,86,24.441,32.445,,0,57.029,29.274,NA,0.701,NA,-10.685,0.625
775,2,87,25.012,32.263,,0,57.629,29.074,NA,0.6,NA,-17.65,-6.965
776,2,88,25.428,32.159,,0,58.058,28.963,NA,0.429,NA,-14.036,3.614
777,2,89,25.909,31.977,,0,58.572,28.782,NA,0.514,NA,-20.726,-6.689
778,2,90,26.481,31.782,,0,59.176,28.597,NA,0.604,NA,-18.825,1.901
779,2,91,27.429,31.405,,0,60.197,28.264,NA,1.021,NA,-21.666,-2.841
780,2,92,28.222,30.846,,0,61.166,27.768,NA,0.97,NA,-35.181,-13.515
781,2,93,28.664,30.535,,0,61.707,27.502,NA,0.541,NA,-35.218,-0.037
782,2,94,29.04,30.314,,0,62.144,27.326,NA,0.437,NA,-30.379,4.838
783,2,95,29.482,30.041,,0,62.663,27.114,NA,0.519,NA,-31.701,-1.322
784,2,96,29.872,29.729,,0,63.162,26.864,NA,0.499,NA,-38.66,-6.958
785,2,97,30.327,29.3,,0,63.787,26.516,NA,0.625,NA,-43.315,-4.656
786,2,98,31.093,28.793,,0,64.706,26.166,NA,0.919,NA,-33.465,9.85
787,2,99,31.366,28.339,,0,65.237,25.78,NA,0.53,NA,-59.036,-25.571
788,2,100,31.808,27.871,,0,65.88,25.427,NA,0.643,NA,-46.637,12.4
789,2,101,32.198,27.494,,0,66.422,25.16,NA,0.542,NA,-44.029,2.608
790,2,102,32.367,27.091,,0,66.859,24.816,NA,0.437,NA,-67.249,-23.22
791,2,103,32.951,26.351,,0,67.803,24.273,NA,0.944,NA,-51.71,15.539
792,2,104,33.328,25.675,,0,68.576,23.748,NA,0.774,NA,-60.852,-9.142
793,2,105,33.692,25.207,,0,69.169,23.428,NA,0.593,NA,-52.125,8.727
794,2,106,33.9,24.817,,0,69.611,23.135,NA,0.442,NA,-61.928,-9.802
795,2,107,34.095,24.493,,0,69.99,22.903,NA,0.379,NA,-59.036,2.891
796,2,108,34.29,23.921,,0,70.594,22.446,NA,0.604,NA,-71.175,-12.139
797,2,109,34.757,23.024,,0,71.605,21.812,NA,1.011,NA,-62.447,8.728
798,2,110,34.952,22.505,,0,72.16,21.424,NA,0.555,NA,-69.444,-6.997
799,2,111,35.264,22.011,,0,72.744,21.12,NA,0.584,NA,-57.724,11.72
800,2,112,35.329,21.348,,0,73.41,20.563,NA,0.666,NA,-84.401,-26.676
801,2,113,35.316,20.257,,0,74.501,19.599,NA,1.092,NA,-90.682,-6.281
802,2,114,35.368,19.568,,0,75.192,19.029,NA,0.691,NA,-85.684,4.998
803,2,115,35.433,19.126,,0,75.638,18.685,NA,0.447,NA,-81.634,4.05
804,2,116,35.459,18.802,,0,75.964,18.422,NA,0.326,NA,-85.426,-3.792
805,2,117,35.472,18.386,,0,76.38,18.078,NA,0.416,NA,-88.21,-2.784
806,2,118,35.524,17.528,,0,77.239,17.393,NA,0.859,NA,-86.532,1.678
807,2,119,35.459,16.502,,0,78.268,16.519,NA,1.029,NA,-93.621,-7.09
808,2,120,35.394,16.151,,0,78.625,16.199,NA,0.357,NA,-100.491,-6.87
809,2,121,35.173,15.566,,0,79.25,15.6,NA,0.625,NA,-110.695,-10.204
810,2,122,35.03,15.111,,0,79.726,15.153,NA,0.477,NA,-107.447,3.248
811,2,123,34.796,14.254,,0,80.615,14.338,NA,0.889,NA,-105.255,2.192
812,2,124,34.329,13.448,,0,81.547,13.42,NA,0.932,NA,-120.141,-14.886
813,2,125,34.215,13.205,,0,81.816,13.161,NA,0.269,NA,-115.017,5.124
814,2,126,34.001,12.678,,0,82.384,12.623,NA,0.568,NA,-112.166,2.851
815,2,127,33.767,11.957,,0,83.142,11.93,NA,0.758,NA,-107.969,4.197
816,2,128,33.455,11.148,,0,84.009,11.129,NA,0.867,NA,-111.084,-3.115
817,2,129,33.231,10.827,,0,84.401,10.743,NA,0.392,NA,-124.875,-13.792
818,2,130,32.929,10.34,,0,84.974,10.185,NA,0.573,NA,-121.799,3.076
819,2,131,32.734,9.911,,0,85.445,9.747,NA,0.471,NA,-114.444,7.355
820,2,132,32.266,9.17,,0,86.321,8.9,NA,0.876,NA,-122.276,-7.832
821,2,133,31.74,8.761,,0,86.988,8.235,NA,0.667,NA,-142.125,-19.849
822,2,134,31.36,8.147,,0,87.71,7.543,NA,0.722,NA,-121.759,20.366
823,2,135,30.863,7.445,,0,88.57,6.711,NA,0.86,NA,-125.311,-3.552
824,2,136,30.336,6.588,,0,89.576,5.77,NA,1.006,NA,-121.535,3.776
825,2,137,30.015,6.48,,0,89.915,5.448,NA,0.339,NA,-161.565,-40.03
826,2,138,29.693,6.149,,0,90.377,4.992,NA,0.462,NA,-134.145,27.42
827,2,139,29.342,5.857,,0,90.833,4.536,NA,0.457,NA,-140.194,-6.05
828,2,140,28.251,5.233,,0,92.09,3.289,NA,1.257,NA,-150.255,-10.061
829,2,141,27.91,5.116,,0,92.451,2.951,NA,0.361,NA,-161.075,-10.82
830,2,142,27.267,4.882,,0,93.135,2.323,NA,0.684,NA,-160.017,1.058
831,2,143,26.477,4.541,,0,93.995,1.569,NA,0.86,NA,-156.631,3.386
832,2,144,26.01,4.502,,0,94.465,1.35,NA,0.469,NA,-175.236,-18.605
833,2,145,25.435,4.288,,0,95.078,1.116,NA,0.614,NA,-159.55,15.686
834,2,146,24.86,4.161,,0,95.667,1.259,NA,0.589,NA,-167.574,-8.024
835,2,147,24.256,3.995,,0,96.294,1.623,NA,0.626,NA,-164.667,2.907
836,2,148,23.759,3.879,,0,96.804,2.028,NA,0.511,NA,-166.759,-2.093
837,2,149,23.067,3.791,,0,97.502,2.669,NA,0.697,NA,-172.776,-6.016
838,2,150,22.521,3.762,,0,98.048,3.198,NA,0.547,NA,-176.934,-4.158
839,2,151,21.897,3.742,,0,98.672,3.811,NA,0.624,NA,-178.21,-1.277
840,2,152,21.157,3.674,,0,99.416,4.537,NA,0.744,NA,-174.738,3.472
841,2,153,20.026,3.752,,0,100.549,5.67,NA,1.133,NA,176.055,-9.208
842,2,154,19.656,3.752,,0,100.919,6.038,NA,0.37,NA,180,3.945
843,2,155,19.256,3.81,,0,101.323,6.442,NA,0.404,NA,171.674,-8.326
844,2,156,18.321,3.869,,0,102.26,7.378,NA,0.937,NA,176.424,4.749
845,2,157,17.59,4.034,,0,103.01,8.122,NA,0.749,NA,167.229,-9.195
846,2,158,17.181,4.181,,0,103.444,8.545,NA,0.435,NA,160.346,-6.883
847,2,159,16.674,4.415,,0,104.003,9.077,NA,0.558,NA,155.225,-5.121
848,2,160,15.787,4.639,,0,104.917,9.986,NA,0.915,NA,165.816,10.591
849,2,161,15.319,4.97,,0,105.49,10.5,NA,0.573,NA,144.689,-21.127
850,2,162,14.852,5.116,,0,105.981,10.986,NA,0.49,NA,162.646,17.957
851,2,163,14.257,5.34,,0,106.616,11.611,NA,0.635,NA,159.341,-3.305
852,2,164,13.351,5.72,,0,107.599,12.574,NA,0.983,NA,157.249,-2.092
853,2,165,12.776,6.071,,0,108.272,13.209,NA,0.674,NA,148.61,-8.639
854,2,166,12.376,6.325,,0,108.745,13.655,NA,0.473,NA,147.619,-0.99
855,2,167,11.772,6.636,,0,109.425,14.316,NA,0.68,NA,152.7,5.081
856,2,168,11.392,6.958,,0,109.923,14.764,NA,0.498,NA,139.764,-12.937
857,2,169,11.1,7.26,,0,110.343,15.125,NA,0.42,NA,134.061,-5.703
858,2,170,10.515,7.767,,0,111.117,15.828,NA,0.774,NA,139.086,5.025
859,2,171,10.281,8.118,,0,111.539,16.155,NA,0.422,NA,123.69,-15.396
860,2,172,9.706,8.836,,0,112.459,16.929,NA,0.92,NA,128.691,5.001
861,2,173,9.446,9.251,,0,112.949,17.315,NA,0.49,NA,122.005,-6.686
862,2,174,9.368,9.654,,0,113.359,17.533,NA,0.41,NA,100.954,-21.051
863,2,175,8.991,10.33,,0,114.133,18.139,NA,0.774,NA,119.148,18.194
864,2,176,8.745,10.889,,0,114.744,18.59,NA,0.611,NA,113.839,-5.309
865,2,177,8.55,11.239,,0,115.145,18.914,NA,0.401,NA,119.055,5.216
866,2,178,8.283,11.928,,0,115.883,19.455,NA,0.738,NA,111.146,-7.909
867,2,179,8.01,12.805,,0,116.802,20.103,NA,0.919,NA,107.281,-3.865
868,2,180,7.894,13.487,,0,117.494,20.539,NA,0.692,NA,99.728,-7.554
869,2,181,7.601,14.013,,0,118.096,21.058,NA,0.602,NA,119.055,19.327
870,2,182,7.562,14.715,,0,118.799,21.46,NA,0.703,NA,93.18,-25.875
871,2,183,7.27,15.884,,0,120.004,22.35,NA,1.205,NA,104.036,10.856
872,2,184,7.172,16.281,,0,120.412,22.656,NA,0.408,NA,103.815,-0.221
873,2,185,7.211,16.684,,0,120.817,22.86,NA,0.405,NA,84.472,-19.343
874,2,186,7.198,17.125,,0,121.259,23.134,NA,0.442,NA,91.685,7.212
875,2,187,7.276,17.671,,0,121.81,23.405,NA,0.551,NA,81.87,-9.815
876,2,188,7.406,18.373,,0,122.524,23.745,NA,0.714,NA,79.509,-2.361
877,2,189,7.562,19.165,,0,123.331,24.142,NA,0.808,NA,78.871,-0.638
878,2,190,7.679,19.899,,0,124.075,24.548,NA,0.743,NA,80.949,2.078
879,2,191,7.777,20.367,,0,124.553,24.798,NA,0.478,NA,78.232,-2.718
880,2,192,7.933,20.796,,0,125.009,24.986,NA,0.456,NA,70.017,-8.215
881,2,193,8.186,21.342,,0,125.611,25.197,NA,0.602,NA,65.095,-4.922
882,2,194,8.478,22.199,,0,126.517,25.625,NA,0.906,NA,71.175,6.08
883,2,195,8.907,22.979,,0,127.406,25.929,NA,0.89,NA,61.189,-9.986
884,2,196,9.355,23.739,,0,128.289,26.232,NA,0.882,NA,59.47,-1.719
885,2,197,9.628,24.148,,0,128.781,26.387,NA,0.492,NA,56.31,-3.16
886,2,198,9.998,24.48,,0,129.278,26.43,NA,0.497,NA,41.82,-14.49
887,2,199,10.135,25.201,,0,130.012,26.935,NA,0.734,NA,79.287,37.467
888,2,200,10.564,25.649,,0,130.632,27.061,NA,0.62,NA,46.273,-33.014
889,2,201,11.07,26.195,,0,131.377,27.24,NA,0.745,NA,47.121,0.848
890,2,202,11.928,26.818,,0,132.437,27.328,NA,1.06,NA,36.027,-11.094
891,2,203,12.201,27.13,,0,132.851,27.463,NA,0.414,NA,48.814,12.787
892,2,204,12.708,27.501,,0,133.479,27.544,NA,0.628,NA,36.158,-12.656
893,2,205,13.136,27.774,,0,133.987,27.588,NA,0.508,NA,32.471,-3.687
894,2,206,14.033,28.241,,0,134.998,27.616,NA,1.011,NA,27.553,-4.918
895,2,207,14.306,28.592,,0,135.443,27.822,NA,0.444,NA,52.125,24.572
896,2,208,14.754,28.806,,0,135.94,27.839,NA,0.497,NA,25.56,-26.565
897,2,209,15.241,29.118,,0,136.518,27.941,NA,0.579,NA,32.619,7.059
898,2,210,15.748,29.235,,0,137.038,27.865,NA,0.52,NA,12.995,-19.625
899,2,211,16.294,29.547,,0,137.667,27.969,NA,0.629,NA,29.745,16.75
900,2,212,16.898,29.742,,0,138.302,27.957,NA,0.635,NA,17.879,-11.866
901,2,213,17.366,29.917,,0,138.801,27.981,NA,0.5,NA,20.556,2.677
902,2,214,17.911,30.151,,0,139.395,28.049,NA,0.594,NA,23.199,2.643
903,2,215,18.789,30.249,,255,140.277,27.914,NA,0.882,NA,6.34,-16.858
904,2,216,19.237,30.483,,255,140.783,28.034,NA,0.506,NA,27.553,21.213
905,2,217,19.938,30.58,,0,141.491,27.977,NA,0.708,NA,7.907,-19.646
906,2,218,20.562,30.717,,0,142.13,27.99,NA,0.638,NA,12.339,4.432
907,2,219,20.991,30.697,,0,142.559,27.896,NA,0.429,NA,-2.603,-14.942
908,2,220,21.654,30.678,,0,143.222,27.773,NA,0.663,NA,-1.685,0.918
909,2,221,22.121,30.639,,0,143.691,27.67,NA,0.469,NA,-4.764,-3.079
910,2,222,22.628,30.58,,0,144.202,27.552,NA,0.51,NA,-6.582,-1.818
911,2,223,23.193,30.444,,0,144.783,27.359,NA,0.581,NA,-13.57,-6.988
912,2,224,23.836,30.405,,0,145.427,27.27,NA,0.644,NA,-3.468,10.102
913,2,225,24.421,30.229,,0,146.038,27.062,NA,0.61,NA,-16.699,-13.231
914,2,226,24.967,30.132,,0,146.592,26.945,NA,0.554,NA,-10.125,6.575
915,2,227,25.396,29.859,,0,147.1,26.664,NA,0.508,NA,-32.471,-22.347
916,2,228,25.805,29.625,,0,147.572,26.429,NA,0.471,NA,-29.745,2.726
917,2,229,26.253,29.255,,0,148.153,26.065,NA,0.581,NA,-39.56,-9.815
918,2,230,26.896,28.884,,0,148.895,25.717,NA,0.742,NA,-29.932,9.628
919,2,231,27.345,28.553,,0,149.453,25.412,NA,0.557,NA,-36.469,-6.538
920,2,232,27.696,28.319,,0,149.875,25.204,NA,0.422,NA,-33.69,2.779
921,2,233,28.154,28.212,,0,150.345,25.139,NA,0.47,NA,-13.173,20.518
922,2,234,28.582,28.105,,0,150.787,25.078,NA,0.442,NA,-14.036,-0.864
923,2,235,29.118,27.832,,0,151.388,24.876,NA,0.601,NA,-26.98,-12.944
924,2,236,29.752,27.189,,0,152.291,24.337,NA,0.903,NA,-45.437,-18.457
925,2,237,30.327,26.604,,0,153.111,23.867,NA,0.82,NA,-45.481,-0.044
926,2,238,30.652,26.286,,0,153.566,23.621,NA,0.455,NA,-44.421,1.06
927,2,239,30.937,25.974,,0,153.989,23.379,NA,0.423,NA,-47.49,-3.068
928,2,240,31.171,25.701,,0,154.348,23.168,NA,0.359,NA,-49.399,-1.909
929,2,241,31.47,25.35,,0,154.809,22.901,NA,0.461,NA,-49.574,-0.175
930,2,242,31.808,25.077,,0,155.243,22.726,NA,0.434,NA,-38.928,10.646
931,2,243,32.289,24.415,,0,156.062,22.227,NA,0.819,NA,-54.039,-15.112
932,2,244,32.588,23.921,,0,156.639,21.849,NA,0.577,NA,-58.815,-4.776
933,2,245,32.808,23.518,,0,157.099,21.54,NA,0.459,NA,-61.26,-2.445
934,2,246,33.055,22.985,,0,157.686,21.123,NA,0.587,NA,-65.136,-3.876
935,2,247,33.315,22.284,,0,158.434,20.562,NA,0.748,NA,-69.677,-4.541
936,2,248,33.471,21.725,,0,159.014,20.105,NA,0.58,NA,-74.407,-4.73
937,2,249,33.731,21.127,,0,159.666,19.66,NA,0.652,NA,-66.501,7.906
938,2,250,33.939,20.699,,0,160.142,19.358,NA,0.477,NA,-64.134,2.368
939,2,251,33.991,20.179,,0,160.665,18.912,NA,0.522,NA,-84.289,-20.156
940,2,252,34.017,19.373,,0,161.471,18.204,NA,0.806,NA,-88.152,-3.863
941,2,253,34.017,18.516,,0,162.328,17.446,NA,0.858,NA,-90,-1.848
942,2,254,33.978,17.892,,0,162.953,16.882,NA,0.625,NA,-93.576,-3.576
943,2,255,33.952,17.424,,0,163.422,16.463,NA,0.468,NA,-93.18,0.397
944,2,256,33.926,17.112,,0,163.735,16.181,NA,0.313,NA,-94.764,-1.584
945,2,257,33.887,16.788,,0,164.062,15.883,NA,0.327,NA,-96.843,-2.079
946,2,258,33.848,16.242,,0,164.609,15.398,NA,0.547,NA,-94.086,2.757
947,2,259,33.653,15.501,,0,165.375,14.668,NA,0.766,NA,-104.744,-10.658
948,2,260,33.536,14.968,,0,165.92,14.159,NA,0.545,NA,-102.381,2.363
949,2,261,33.354,14.605,,0,166.327,13.756,NA,0.407,NA,-116.565,-14.184
950,2,262,33.198,14.163,,0,166.795,13.303,NA,0.468,NA,-109.44,7.125
951,2,263,33.12,13.708,,0,167.257,12.885,NA,0.461,NA,-99.728,9.712
952,2,264,32.977,13.292,,0,167.696,12.464,NA,0.44,NA,-108.97,-9.243
953,2,265,32.705,12.708,,0,168.342,11.831,NA,0.645,NA,-115.017,-6.046
954,2,266,32.458,12.292,,0,168.825,11.35,NA,0.484,NA,-120.7,-5.683
955,2,267,32.159,11.655,,0,169.529,10.662,NA,0.703,NA,-115.145,5.555
956,2,268,31.886,10.85,,0,170.379,9.86,NA,0.851,NA,-108.712,6.433
957,2,269,31.626,10.421,,0,170.881,9.364,NA,0.501,NA,-121.218,-12.507
958,2,270,31.262,9.888,,0,171.526,8.722,NA,0.645,NA,-124.33,-3.112
959,2,271,30.73,9.381,,0,172.261,7.992,NA,0.735,NA,-136.432,-12.102
960,2,272,30.028,8.888,,0,173.119,7.169,NA,0.858,NA,-144.866,-8.434
961,2,273,29.82,8.641,,0,173.442,6.846,NA,0.323,NA,-130.101,14.765
962,2,274,29.534,8.251,,0,173.925,6.363,NA,0.483,NA,-126.254,3.847
963,2,275,29.131,7.913,,0,174.451,5.851,NA,0.526,NA,-140.013,-13.759
964,2,276,28.534,7.536,,0,175.157,5.2,NA,0.707,NA,-147.771,-7.758
965,2,277,28.222,7.367,,0,175.512,4.89,NA,0.355,NA,-151.557,-3.786
966,2,278,27.65,6.99,,0,176.197,4.28,NA,0.685,NA,-146.611,4.946
967,2,279,27.169,6.64,,0,176.792,3.756,NA,0.595,NA,-143.881,2.731
968,2,280,26.377,6.328,,0,177.644,3.21,NA,0.852,NA,-158.523,-14.643
969,2,281,25.779,6.211,,0,178.253,3.017,NA,0.609,NA,-168.93,-10.407
970,2,282,25.363,6.107,,0,178.681,2.927,NA,0.429,NA,-165.964,2.966
971,2,283,24.753,6.003,,0,179.301,2.952,NA,0.619,NA,-170.34,-4.376
972,2,284,24.233,5.821,,0,179.851,2.992,NA,0.551,NA,-160.71,9.63
973,2,285,23.544,5.704,,0,180.55,3.287,NA,0.699,NA,-170.362,-9.653
974,2,286,23.011,5.574,,0,181.098,3.566,NA,0.548,NA,-166.293,4.069
975,2,287,22.297,5.6,,0,181.813,4.141,NA,0.715,NA,177.917,-15.79
976,2,288,20.997,5.665,,0,183.114,5.283,NA,1.301,NA,177.138,-0.78
977,2,289,20.036,5.6,,0,184.078,6.124,NA,0.964,NA,-176.135,6.728
978,2,290,19.152,5.704,,0,184.968,6.982,NA,0.89,NA,173.29,-10.575
979,2,291,18.841,5.834,,0,185.305,7.32,NA,0.338,NA,157.38,-15.91
980,2,292,18.36,5.964,,0,185.803,7.815,NA,0.498,NA,164.876,7.496
981,2,293,17.749,6.159,,0,186.444,8.455,NA,0.641,NA,162.3,-2.576
982,2,294,17.164,6.367,,0,187.065,9.076,NA,0.621,NA,160.427,-1.873
983,2,295,16.827,6.588,,0,187.469,9.47,NA,0.404,NA,146.821,-13.605
984,2,296,16.268,6.848,,0,188.085,10.085,NA,0.616,NA,155.056,8.235
985,2,297,15.839,7.146,,0,188.607,10.594,NA,0.523,NA,145.125,-9.931
986,2,298,15.267,7.432,,0,189.247,11.231,NA,0.639,NA,153.435,8.31
987,2,299,14.903,7.692,,0,189.694,11.666,NA,0.447,NA,144.462,-8.973
988,2,300,14.293,8.004,,0,190.379,12.35,NA,0.686,NA,152.949,8.487
989,2,301,13.968,8.225,,0,190.772,12.735,NA,0.393,NA,145.784,-7.165
990,2,302,13.461,8.628,,0,191.42,13.361,NA,0.647,NA,141.52,-4.264
991,2,303,12.954,9.212,,0,192.193,14.066,NA,0.774,NA,130.914,-10.605
992,2,304,12.578,9.576,,0,192.717,14.563,NA,0.524,NA,136.005,5.091
993,2,305,12.292,9.901,,0,193.15,14.963,NA,0.433,NA,131.348,-4.657
994,2,306,11.811,10.512,,0,193.927,15.67,NA,0.777,NA,128.211,-3.137
995,2,307,11.486,10.992,,0,194.507,16.184,NA,0.58,NA,124.046,-4.165
996,2,308,11.148,11.538,,0,195.149,16.746,NA,0.642,NA,121.759,-2.286
997,2,309,10.927,11.889,,0,195.564,17.113,NA,0.415,NA,122.196,0.436
998,2,310,10.408,12.344,,0,196.254,17.792,NA,0.691,NA,138.814,16.618
999,2,311,10.226,12.902,,0,196.842,18.24,NA,0.588,NA,108.034,-30.78
1000,2,312,10.122,13.461,,0,197.41,18.63,NA,0.568,NA,100.539,-7.495
1001,2,313,9.94,14.046,,0,198.023,19.108,NA,0.612,NA,107.281,6.742
1002,2,314,9.797,14.787,,0,198.777,19.653,NA,0.754,NA,100.923,-6.359
1003,2,315,9.693,15.332,,0,199.332,20.062,NA,0.556,NA,100.784,-0.139
1004,2,316,9.654,15.683,,0,199.685,20.307,NA,0.353,NA,96.34,-4.444
1005,2,317,9.615,16.19,,0,200.194,20.653,NA,0.508,NA,94.399,-1.941
1006,2,318,9.602,16.917,,0,200.921,21.128,NA,0.728,NA,91.023,-3.376
1007,2,319,9.732,17.684,,0,201.699,21.538,NA,0.778,NA,80.38,-10.643
1008,2,320,9.641,18.204,,0,202.227,21.957,NA,0.528,NA,99.926,19.546
1009,2,321,9.667,18.672,,0,202.695,22.26,NA,0.468,NA,86.82,-13.106
1010,2,322,9.823,19.243,,0,203.288,22.552,NA,0.593,NA,74.745,-12.075
1011,2,323,9.901,19.841,,0,203.89,22.927,NA,0.603,NA,82.569,7.824
1012,2,324,10.018,20.244,,0,204.31,23.142,NA,0.419,NA,73.811,-8.758
1013,2,325,10.226,20.738,,0,204.846,23.37,NA,0.536,NA,67.166,-6.644
1014,2,326,10.408,21.101,,0,205.252,23.526,NA,0.407,NA,63.435,-3.731
1015,2,327,10.681,21.751,,0,205.957,23.852,NA,0.705,NA,67.218,3.783
1016,2,328,10.953,22.427,,0,206.686,24.214,NA,0.729,NA,68.009,0.791
1017,2,329,11.187,22.791,,0,207.118,24.365,NA,0.433,NA,57.265,-10.744
1018,2,330,11.733,23.661,,0,208.146,24.759,NA,1.027,NA,57.918,0.653
1019,2,331,12.071,24.116,,0,208.712,24.95,NA,0.567,NA,53.393,-4.525
1020,2,332,12.253,24.363,,0,209.019,25.06,NA,0.307,NA,53.616,0.223
1021,2,333,12.383,24.74,,0,209.417,25.31,NA,0.399,NA,70.974,17.359
1022,2,334,12.851,25.298,,0,210.146,25.55,NA,0.729,NA,50.064,-20.911
1023,2,335,13.513,25.766,,0,210.957,25.635,NA,0.811,NA,35.218,-14.846
1024,2,336,13.916,26.182,,0,211.536,25.816,NA,0.579,NA,45.909,10.692
1025,2,337,14.8,26.52,,0,212.482,25.731,NA,0.946,NA,20.925,-24.985
1026,2,338,15.358,26.818,,0,213.116,25.774,NA,0.634,NA,28.142,7.217
1027,2,339,15.618,26.974,,0,213.419,25.815,NA,0.303,NA,30.964,2.822
1028,2,340,15.839,27.156,,0,213.705,25.898,NA,0.286,NA,39.472,8.509
1029,2,341,16.164,27.416,,0,214.121,26.018,NA,0.416,NA,38.66,-0.813
1030,2,342,16.58,27.559,,0,214.561,26.003,NA,0.44,NA,18.97,-19.689
1031,2,343,17.372,28.04,,0,215.488,26.192,NA,0.927,NA,31.239,12.269
1032,2,344,17.931,28.196,,0,216.068,26.169,NA,0.58,NA,15.593,-15.646
1033,2,345,18.321,28.274,,0,216.465,26.132,NA,0.398,NA,11.31,-4.283
1034,2,346,18.659,28.378,,0,216.819,26.139,NA,0.353,NA,17.103,5.793
1035,2,347,19.139,28.391,,255,217.299,26.027,NA,0.481,NA,1.548,-15.555
1036,2,348,19.88,28.482,,0,218.046,25.939,NA,0.746,NA,7.001,5.453
1037,2,349,20.439,28.482,,0,218.604,25.82,NA,0.559,NA,0,-7.001
1038,2,350,20.919,28.443,,0,219.087,25.689,NA,0.482,NA,-4.635,-4.635
1039,2,351,21.465,28.326,,0,219.645,25.478,NA,0.558,NA,-12.095,-7.459
1040,2,352,21.92,28.287,,0,220.101,25.369,NA,0.456,NA,-4.899,7.196
1041,2,353,22.427,28.222,,0,220.612,25.234,NA,0.511,NA,-7.306,-2.407
1042,2,354,22.868,28.118,,0,221.066,25.078,NA,0.454,NA,-13.241,-5.935
1043,2,355,23.284,28.04,,0,221.489,24.958,NA,0.423,NA,-10.62,2.621
1044,2,356,23.518,28.001,,0,221.726,24.898,NA,0.237,NA,-9.462,1.157
1045,2,357,24.246,27.975,,0,222.454,24.819,NA,0.728,NA,-2.045,7.417
1046,2,358,24.662,27.858,,0,222.886,24.682,NA,0.432,NA,-15.709,-13.663
1047,2,359,25.038,27.819,,0,223.265,24.631,NA,0.379,NA,-5.906,9.802
1048,2,360,25.545,27.611,,0,223.813,24.415,NA,0.548,NA,-22.306,-16.4
1049,2,361,26.143,27.377,,0,224.455,24.185,NA,0.642,NA,-21.371,0.936
1050,2,362,26.715,26.87,,0,225.219,23.697,NA,0.764,NA,-41.553,-20.182
1051,2,363,27.039,26.728,,0,225.573,23.571,NA,0.355,NA,-23.749,17.803
1052,2,364,27.325,26.481,,0,225.951,23.343,NA,0.378,NA,-40.815,-17.066
1053,2,365,27.884,26.182,,0,226.585,23.092,NA,0.634,NA,-28.142,12.673
1054,2,366,28.17,25.948,,0,226.954,22.889,NA,0.369,NA,-39.289,-11.148
1055,2,367,28.495,25.623,,0,227.413,22.604,NA,0.459,NA,-45,-5.711
1056,2,368,28.793,25.311,,0,227.845,22.335,NA,0.432,NA,-46.219,-1.219
1057,2,369,29.092,24.869,,0,228.379,21.942,NA,0.533,NA,-55.923,-9.704
1058,2,370,29.56,24.259,,0,229.148,21.419,NA,0.769,NA,-52.549,3.373
1059,2,371,29.82,23.999,,0,229.516,21.213,NA,0.368,NA,-45,7.549
1060,2,372,29.95,23.765,,0,229.783,21.009,NA,0.268,NA,-60.945,-15.945
1061,2,373,30.067,23.414,,0,230.153,20.691,NA,0.37,NA,-71.565,-10.62
1062,2,374,30.249,23.024,,0,230.583,20.35,NA,0.43,NA,-64.983,6.582
1063,2,375,30.496,22.219,,0,231.426,19.625,NA,0.843,NA,-72.962,-7.979
1064,2,376,30.678,21.647,,0,232.026,19.119,NA,0.6,NA,-72.35,0.612
1065,2,377,30.743,21.127,,0,232.549,18.635,NA,0.524,NA,-82.875,-10.525
1066,2,378,30.846,20.621,,0,233.067,18.177,NA,0.517,NA,-78.408,4.467
1067,2,379,30.963,20.127,,0,233.574,17.739,NA,0.507,NA,-76.675,1.732
1068,2,380,31.054,19.854,,0,233.862,17.507,NA,0.288,NA,-71.565,5.11
1069,2,381,31.119,19.555,,0,234.168,17.243,NA,0.306,NA,-77.735,-6.17
1070,2,382,31.093,18.815,,0,234.909,16.533,NA,0.741,NA,-92.01,-14.274
1071,2,383,30.989,18.217,,0,235.515,15.935,NA,0.607,NA,-99.866,-7.856
1072,2,384,31.002,17.671,,0,236.061,15.426,NA,0.546,NA,-88.636,11.23
1073,2,385,30.95,17.372,,0,236.364,15.128,NA,0.303,NA,-99.866,-11.23
1074,2,386,30.95,17.021,,0,236.715,14.8,NA,0.351,NA,-90,9.866
1075,2,387,30.859,16.619,,0,237.128,14.391,NA,0.413,NA,-102.724,-12.724
1076,2,388,30.885,16.034,,0,237.714,13.857,NA,0.585,NA,-87.455,15.269
1077,2,389,30.807,15.293,,0,238.458,13.143,NA,0.745,NA,-96.009,-8.554
1078,2,390,30.785,14.832,,0,238.92,12.711,NA,0.462,NA,-92.822,3.187
1079,2,391,30.726,14.501,,0,239.257,12.384,NA,0.336,NA,-100.008,-7.186
1080,2,392,30.522,13.916,,0,239.876,11.767,NA,0.619,NA,-109.29,-9.282
1081,2,393,30.288,13.409,,0,240.434,11.209,NA,0.558,NA,-114.775,-5.485
1082,2,394,30.025,12.854,,0,241.049,10.594,NA,0.615,NA,-115.346,-0.571
1083,2,395,29.82,12.448,,0,241.503,10.14,NA,0.455,NA,-116.748,-1.402
1084,2,396,29.521,12.019,,0,242.026,9.627,NA,0.523,NA,-124.875,-8.127
1085,2,397,29.235,11.629,,0,242.51,9.156,NA,0.483,NA,-126.254,-1.379
1086,2,398,28.742,11.304,,0,243.101,8.671,NA,0.591,NA,-146.659,-20.405
1087,2,399,28.443,10.992,,0,243.532,8.275,NA,0.432,NA,-133.781,12.878
1088,2,400,27.845,10.395,,0,244.378,7.52,NA,0.845,NA,-135,-1.219
1089,2,401,27.559,9.953,,0,244.904,7.016,NA,0.526,NA,-122.905,12.095
1090,2,402,27.286,9.719,,0,245.263,6.72,NA,0.359,NA,-139.399,-16.493
1091,2,403,26.87,9.381,,0,245.799,6.301,NA,0.536,NA,-140.906,-1.507
1092,2,404,26.338,9.16,,0,246.376,6.001,NA,0.577,NA,-157.479,-16.573
1093,2,405,25.831,8.693,,0,247.065,5.499,NA,0.69,NA,-137.291,20.189
1094,2,406,25.155,8.433,,0,247.789,5.261,NA,0.724,NA,-158.962,-21.672
1095,2,407,24.772,8.274,,0,248.204,5.156,NA,0.415,NA,-157.449,1.513
1096,2,408,24.411,8.186,,0,248.575,5.145,NA,0.371,NA,-166.329,-8.88
1097,2,409,23.807,8.137,,0,249.182,5.28,NA,0.606,NA,-175.389,-9.061
1098,2,410,23.193,8.001,,0,249.81,5.404,NA,0.629,NA,-167.471,7.918
1099,2,411,22.794,7.884,,0,250.227,5.499,NA,0.416,NA,-163.686,3.785
1100,2,412,22.404,7.757,,0,250.637,5.609,NA,0.41,NA,-161.996,1.69
1101,2,413,21.975,7.669,,0,251.074,5.801,NA,0.438,NA,-168.44,-6.444
1102,2,414,20.874,7.582,,0,252.179,6.498,NA,1.105,NA,-175.446,-7.006
1103,2,415,20.075,7.552,,0,252.979,7.09,NA,0.8,NA,-177.905,-2.459
1104,2,416,19.461,7.689,,0,253.608,7.663,NA,0.629,NA,167.471,-14.624
1105,2,417,19.074,7.796,,0,254.009,8.04,NA,0.401,NA,164.501,-2.97
1106,2,418,18.802,7.991,,0,254.344,8.375,NA,0.335,NA,144.462,-20.038
1107,2,419,18.438,8.056,,0,254.714,8.712,NA,0.37,NA,169.875,25.413
1108,2,420,17.697,8.368,,0,255.517,9.502,NA,0.804,NA,157.166,-12.709
1109,2,421,17.021,8.524,,0,256.211,10.156,NA,0.693,NA,167.005,9.839
1110,2,422,16.749,8.68,,0,256.525,10.471,NA,0.314,NA,150.255,-16.75
1111,2,423,16.112,8.927,,0,257.208,11.143,NA,0.683,NA,158.806,8.551
1112,2,424,15.748,9.225,,0,257.679,11.609,NA,0.471,NA,140.599,-18.207
1113,2,425,15.267,9.524,,0,258.245,12.175,NA,0.566,NA,148.134,7.535
1114,2,426,14.968,9.797,,0,258.649,12.572,NA,0.405,NA,137.603,-10.531
1115,2,427,14.384,10.174,,0,259.345,13.268,NA,0.696,NA,147.2,9.598
1116,2,428,14.098,10.538,,0,259.808,13.703,NA,0.463,NA,128.157,-19.043
1117,2,429,13.604,10.889,,0,260.413,14.308,NA,0.606,NA,144.605,16.448
1118,2,430,13.396,11.252,,0,260.832,14.68,NA,0.419,NA,119.745,-24.86
1119,2,431,13.123,11.434,,0,261.16,15.008,NA,0.328,NA,146.31,26.565
1120,2,432,12.812,11.811,,0,261.649,15.476,NA,0.489,NA,129.611,-16.699
1121,2,433,11.954,12.526,,0,262.766,16.587,NA,1.116,NA,140.194,10.584
1122,2,434,11.473,13.071,,0,263.493,17.292,NA,0.727,NA,131.379,-8.816
1123,2,435,11.304,13.422,,0,263.882,17.632,NA,0.389,NA,115.71,-15.669
1124,2,436,11.135,13.968,,0,264.454,18.09,NA,0.571,NA,107.199,-8.511
1125,2,437,11.005,14.449,,0,264.952,18.483,NA,0.498,NA,105.124,-2.075
1126,2,438,10.876,14.761,,0,265.289,18.777,NA,0.338,NA,112.62,7.496
1127,2,439,10.876,15.176,,0,265.705,19.036,NA,0.416,NA,90,-22.62
1128,2,440,10.876,15.54,,0,266.069,19.267,NA,0.364,NA,90,0
1129,2,441,10.966,16.06,,0,266.597,19.535,NA,0.528,NA,80.074,-9.926
1130,2,442,10.772,16.567,,0,267.14,20.017,NA,0.543,NA,111.038,30.964
1131,2,443,10.668,17.398,,0,267.978,20.657,NA,0.838,NA,97.125,-13.912
1132,2,444,10.668,18.1,,0,268.679,21.146,NA,0.702,NA,90,-7.125
1133,2,445,10.733,18.828,,0,269.41,21.62,NA,0.731,NA,84.898,-5.102
1134,2,446,10.746,19.347,,0,269.93,21.99,NA,0.52,NA,88.568,3.67
1135,2,447,10.798,19.62,,0,270.208,22.156,NA,0.278,NA,79.216,-9.352
1136,2,448,10.876,20.14,,0,270.733,22.493,NA,0.526,NA,81.469,2.254
1137,2,449,10.992,20.634,,0,271.24,22.791,NA,0.507,NA,76.675,-4.794
1138,2,450,11.213,21.179,,0,271.829,23.072,NA,0.589,NA,67.964,-8.712
1139,2,451,11.603,21.881,,0,272.632,23.387,NA,0.803,NA,60.945,-7.018
1140,2,452,11.928,22.414,,0,273.256,23.624,NA,0.624,NA,58.627,-2.318
1141,2,453,12.188,22.739,,0,273.672,23.741,NA,0.416,NA,51.34,-7.287
1142,2,454,12.513,23.213,,0,274.247,23.953,NA,0.575,NA,55.592,4.251
1143,2,455,12.727,23.583,,0,274.675,24.147,NA,0.428,NA,59.931,4.34
1144,2,456,12.98,23.798,,0,275.006,24.195,NA,0.332,NA,40.236,-19.695
1145,2,457,13.234,24.109,,0,275.408,24.331,NA,0.402,NA,50.906,10.67
1146,2,458,13.487,24.363,,0,275.767,24.421,NA,0.358,NA,45,-5.906
1147,2,459,13.78,24.636,,0,276.166,24.515,NA,0.4,NA,43.025,-1.975
1148,2,460,14.13,24.889,,0,276.599,24.57,NA,0.433,NA,35.838,-7.187
1149,2,461,14.696,25.123,,0,277.211,24.519,NA,0.612,NA,22.479,-13.358
1150,2,462,15.066,25.298,,0,277.621,24.513,NA,0.41,NA,25.346,2.867
1151,2,463,15.69,25.688,,0,278.356,24.606,NA,0.735,NA,32.005,6.659
1152,2,464,16.099,25.941,,0,278.838,24.676,NA,0.481,NA,31.759,-0.246
1153,2,465,16.567,26.169,,0,279.358,24.71,NA,0.52,NA,25.925,-5.835
1154,2,466,16.749,26.234,,0,279.551,24.704,NA,0.193,NA,19.654,-6.271
1155,2,467,16.969,26.377,,0,279.814,24.759,NA,0.263,NA,32.905,13.251
1156,2,468,17.398,26.533,,0,280.27,24.758,NA,0.456,NA,19.983,-12.922
1157,2,469,17.918,26.689,,255,280.813,24.738,NA,0.543,NA,16.699,-3.284
1158,2,470,18.308,26.78,,0,281.213,24.705,NA,0.4,NA,13.134,-3.565
1159,2,471,18.97,26.909,,0,281.888,24.641,NA,0.675,NA,11.094,-2.04
1160,2,472,19.334,26.922,,0,282.252,24.557,NA,0.364,NA,2.045,-9.048
1161,2,473,19.581,26.922,,0,282.499,24.495,NA,0.247,NA,0,-2.045
1162,2,474,19.997,26.844,,0,282.922,24.319,NA,0.423,NA,-10.62,-10.62
1163,2,475,20.452,26.844,,0,283.377,24.217,NA,0.455,NA,0,10.62
1164,2,476,20.919,26.844,,0,283.845,24.12,NA,0.468,NA,0,0
1165,2,477,21.374,26.741,,0,284.311,23.933,NA,0.466,NA,-12.875,-12.875
1166,2,478,21.842,26.676,,0,284.784,23.789,NA,0.472,NA,-7.907,4.968
1167,2,479,22.258,26.663,,0,285.2,23.713,NA,0.416,NA,-1.79,6.117
1168,2,480,22.57,26.598,,0,285.518,23.606,NA,0.319,NA,-11.768,-9.978
1169,2,481,22.868,26.442,,0,285.855,23.413,NA,0.337,NA,-27.553,-15.785
1170,2,482,23.31,26.169,,0,286.374,23.093,NA,0.519,NA,-31.701,-4.149
1171,2,483,23.57,26.013,,0,286.678,22.913,NA,0.303,NA,-30.964,0.738
1172,2,484,24.194,25.597,,0,287.427,22.449,NA,0.75,NA,-33.69,-2.726
1173,2,485,24.675,25.298,,0,287.993,22.124,NA,0.566,NA,-31.866,1.824
1174,2,486,25.103,25.168,,0,288.441,21.979,NA,0.448,NA,-16.858,15.008
1175,2,487,25.298,24.921,,0,288.756,21.728,NA,0.315,NA,-51.71,-34.851
1176,2,488,25.636,24.688,,0,289.167,21.491,NA,0.411,NA,-34.695,17.015
1177,2,489,25.961,24.402,,0,289.599,21.207,NA,0.433,NA,-41.348,-6.653
1178,2,490,26.195,24.064,,0,290.01,20.874,NA,0.411,NA,-55.305,-13.957
1179,2,491,26.364,23.856,,0,290.278,20.671,NA,0.268,NA,-50.906,4.399
1180,2,492,26.559,23.57,,0,290.624,20.393,NA,0.346,NA,-55.713,-4.807
1181,2,493,26.767,23.219,,0,291.032,20.053,NA,0.408,NA,-59.349,-3.636
1182,2,494,27,22.609,,0,291.686,19.458,NA,0.654,NA,-69.044,-9.695
1183,2,495,27.208,22.219,,0,292.128,19.085,NA,0.442,NA,-61.928,7.117
1184,2,496,27.364,21.972,,0,292.42,18.852,NA,0.292,NA,-57.724,4.203
1185,2,497,27.455,21.686,,0,292.72,18.576,NA,0.3,NA,-72.35,-14.626
1186,2,498,27.598,21.231,,0,293.196,18.138,NA,0.477,NA,-72.553,-0.203
1187,2,499,27.676,20.829,,0,293.607,17.746,NA,0.41,NA,-79.046,-6.493
1188,2,500,27.754,20.179,,0,294.261,17.11,NA,0.654,NA,-83.157,-4.111
1189,2,501,27.832,19.62,,0,294.825,16.566,NA,0.564,NA,-82.057,1.101
1190,2,502,27.988,19.243,,0,295.233,16.214,NA,0.408,NA,-67.521,14.536
1191,2,503,27.988,18.853,,0,295.623,15.828,NA,0.39,NA,-90,-22.479
1192,2,504,28.053,18.49,,0,295.992,15.478,NA,0.37,NA,-79.875,10.125
1193,2,505,28.066,17.879,,0,296.603,14.877,NA,0.611,NA,-88.781,-8.906
1194,2,506,28.066,17.32,,0,297.162,14.326,NA,0.559,NA,-90,-1.219
1195,2,507,28.027,17.008,,0,297.476,14.012,NA,0.314,NA,-97.125,-7.125
1196,2,508,27.975,16.71,,0,297.779,13.709,NA,0.303,NA,-99.866,-2.741
1197,2,509,27.897,16.476,,0,298.026,13.465,NA,0.247,NA,-108.435,-8.569
1198,2,510,27.728,16.086,,0,298.451,13.053,NA,0.425,NA,-113.429,-4.994
1199,2,511,27.65,15.8,,0,298.747,12.758,NA,0.296,NA,-105.255,8.174
1200,2,512,27.338,15.345,,0,299.298,12.263,NA,0.551,NA,-124.439,-19.184
1201,2,513,27.234,14.955,,0,299.702,11.863,NA,0.403,NA,-104.931,19.508
1202,2,514,27,14.384,,0,300.32,11.266,NA,0.618,NA,-112.249,-7.318
1203,2,515,26.754,14.007,,0,300.77,10.865,NA,0.45,NA,-123.232,-10.983
1204,2,516,26.507,13.682,,0,301.178,10.519,NA,0.408,NA,-127.235,-4.003
1205,2,517,26.286,13.461,,0,301.49,10.283,NA,0.312,NA,-135,-7.765
1206,2,518,26.182,13.201,,0,301.77,10.018,NA,0.28,NA,-111.801,23.199
1207,2,519,26.039,12.98,,0,302.033,9.791,NA,0.263,NA,-122.905,-11.104
1208,2,520,25.74,12.682,,0,302.456,9.485,NA,0.423,NA,-135,-12.095
1209,2,521,25.506,12.422,,0,302.806,9.227,NA,0.35,NA,-131.987,3.013
1210,2,522,25.155,12.188,,0,303.227,9.006,NA,0.422,NA,-146.31,-14.323
1211,2,523,24.882,11.98,,0,303.57,8.819,NA,0.343,NA,-142.696,3.614
1212,2,524,24.064,11.252,,0,304.666,8.214,NA,1.095,NA,-138.366,4.33
1213,2,525,23.869,11.109,,0,304.907,8.115,NA,0.242,NA,-143.746,-5.38
1214,2,526,23.284,10.655,,0,305.648,7.83,NA,0.741,NA,-142.125,1.621
1215,2,527,23.024,10.525,,0,305.939,7.791,NA,0.291,NA,-153.435,-11.31
1216,2,528,22.791,10.356,,0,306.227,7.716,NA,0.289,NA,-144.162,9.273
1217,2,529,22.209,10.398,,0,306.81,7.989,NA,0.583,NA,175.846,-39.992
1218,2,530,21.683,10.486,,0,307.344,8.308,NA,0.533,NA,170.538,-5.308
1219,2,531,21.342,10.534,,0,307.688,8.519,NA,0.345,NA,171.87,1.332
1220,2,532,20.806,10.632,,0,308.233,8.884,NA,0.545,NA,169.695,-2.175
1221,2,533,20.133,10.817,,0,308.93,9.419,NA,0.697,NA,164.604,-5.091
1222,2,534,19.685,10.924,,0,309.391,9.774,NA,0.461,NA,166.551,1.947
1223,2,535,19.081,10.778,,0,310.013,10.044,NA,0.622,NA,-166.399,27.049
1224,2,536,18.798,10.798,,0,310.296,10.246,NA,0.283,NA,176.055,-17.546
1225,2,537,18.389,10.729,,0,310.711,10.476,NA,0.415,NA,-170.538,13.408
1226,2,538,17.853,10.817,,0,311.254,10.916,NA,0.543,NA,170.707,-18.756
1227,2,539,17.6,10.905,,0,311.522,11.159,NA,0.268,NA,160.907,-9.8
1228,2,540,17.298,11.08,,0,311.872,11.499,NA,0.349,NA,149.859,-11.048
1229,2,541,16.878,11.187,,0,312.304,11.879,NA,0.433,NA,165.651,15.792
1230,2,542,16.489,11.334,,0,312.72,12.267,NA,0.416,NA,159.444,-6.207
1231,2,543,16.118,11.548,,0,313.148,12.687,NA,0.428,NA,149.931,-9.513
1232,2,544,15.953,11.733,,0,313.397,12.933,NA,0.248,NA,131.82,-18.111
1233,2,545,15.465,12.094,,0,314.003,13.538,NA,0.606,NA,143.499,11.678
1234,2,546,15.3,12.454,,0,314.4,13.9,NA,0.397,NA,114.677,-28.822
1235,2,547,15.046,12.873,,0,314.889,14.369,NA,0.49,NA,121.159,6.482
1236,2,548,14.657,13.435,,0,315.573,15.037,NA,0.684,NA,124.747,3.587
1237,2,549,14.293,13.825,,0,316.107,15.568,NA,0.533,NA,133.025,8.278
1238,2,550,14.046,14.215,,0,316.568,16.015,NA,0.461,NA,122.347,-10.678
1239,2,551,14.033,14.267,,0,316.622,16.061,NA,0.054,NA,104.036,-18.311
1240,2,552,13.721,14.592,,0,317.072,16.51,NA,0.45,NA,133.831,29.795
1241,2,553,13.318,15.189,,0,317.793,17.215,NA,0.721,NA,123.977,-9.854
1242,2,554,12.851,15.904,,0,318.647,18.05,NA,0.854,NA,123.207,-0.77
1243,2,555,12.552,16.307,,0,319.148,18.545,NA,0.502,NA,126.573,3.366
1244,2,556,12.396,16.956,,0,319.816,19.118,NA,0.668,NA,103.496,-23.077
1245,2,557,12.396,17.444,,0,320.304,19.472,NA,0.487,NA,90,-13.496
1246,2,558,12.435,17.697,,0,320.56,19.632,NA,0.256,NA,81.254,-8.746
1247,2,559,12.454,17.892,,0,320.756,19.763,NA,0.196,NA,84.289,3.036
1248,2,560,12.493,18.175,,0,321.041,19.948,NA,0.285,NA,82.147,-2.143
1249,2,561,12.542,18.408,,0,321.28,20.093,NA,0.239,NA,78.232,-3.915
1250,2,562,12.649,18.75,,0,321.638,20.283,NA,0.358,NA,72.553,-5.679
1251,2,563,12.834,19.286,,0,322.205,20.581,NA,0.567,NA,70.942,-1.611
1252,2,564,12.99,19.578,,0,322.536,20.715,NA,0.331,NA,61.928,-9.015
1253,2,565,13.419,20.143,,0,323.245,20.91,NA,0.709,NA,52.815,-9.112
1254,2,566,13.604,20.322,,0,323.503,20.948,NA,0.257,NA,43.977,-8.838
1255,2,567,13.747,20.582,,0,323.799,21.08,NA,0.297,NA,61.189,17.212
1256,2,568,13.942,20.867,,0,324.145,21.208,NA,0.346,NA,55.713,-5.476
1257,2,569,14.215,21.166,,0,324.55,21.31,NA,0.405,NA,47.603,-8.111
1258,2,570,14.449,21.387,,0,324.872,21.373,NA,0.322,NA,43.363,-4.239
1259,2,571,14.644,21.582,,0,325.147,21.438,NA,0.276,NA,45,1.637
1260,2,572,14.942,21.92,,0,325.598,21.578,NA,0.451,NA,48.504,3.504
1261,2,573,15.241,22.141,,0,325.97,21.625,NA,0.372,NA,36.469,-12.034
1262,2,574,15.54,22.388,,0,326.358,21.7,NA,0.388,NA,39.56,3.09
1263,2,575,15.917,22.57,,0,326.776,21.689,NA,0.418,NA,25.769,-13.79
1264,2,576,16.19,22.791,,0,327.127,21.766,NA,0.351,NA,38.991,13.222
1265,2,577,16.424,22.933,,0,327.401,21.795,NA,0.274,NA,31.43,-7.561
1266,2,578,16.801,23.102,,255,327.814,21.792,NA,0.413,NA,24.146,-7.284
1267,2,579,17.294,23.271,,255,328.336,21.752,NA,0.522,NA,18.886,-5.259
1268,2,580,17.684,23.349,,0,328.733,21.677,NA,0.398,NA,11.31,-7.576
1269,2,581,17.921,23.408,,0,328.978,21.645,NA,0.244,NA,13.851,2.541
1270,2,582,18.165,23.515,,0,329.244,21.66,NA,0.266,NA,23.749,9.898
1271,2,583,18.447,23.573,,0,329.532,21.619,NA,0.289,NA,11.689,-12.06
1272,2,584,18.798,23.603,,0,329.884,21.532,NA,0.352,NA,4.764,-6.926
1273,2,585,19.169,23.661,,0,330.259,21.472,NA,0.375,NA,8.973,4.209
1274,2,586,19.656,23.671,,0,330.747,21.339,NA,0.487,NA,1.146,-7.827
1275,2,587,19.968,23.651,,0,331.059,21.235,NA,0.312,NA,-3.576,-4.722
1276,2,588,20.26,23.69,,0,331.354,21.196,NA,0.295,NA,7.595,11.171
1277,2,589,20.416,23.642,,0,331.517,21.109,NA,0.163,NA,-17.354,-24.949
1278,2,590,20.669,23.603,,0,331.774,21.01,NA,0.256,NA,-8.746,8.608
1279,2,591,20.932,23.564,,0,332.04,20.911,NA,0.266,NA,-8.427,0.319
1280,2,592,21.235,23.437,,0,332.367,20.721,NA,0.328,NA,-22.751,-14.324
1281,2,593,21.615,23.213,,0,332.809,20.423,NA,0.441,NA,-30.53,-7.779
1282,2,594,21.965,23.031,,0,333.204,20.177,NA,0.395,NA,-27.408,3.122
1283,2,595,22.199,22.868,,0,333.489,19.976,NA,0.285,NA,-34.778,-7.37
1284,2,600,22.628,22.531,,0,334.034,19.572,NA,0.546,NA,-38.234,-3.456
1285,2,601,23.086,22.004,,0,334.732,18.984,NA,0.698,NA,-48.965,-10.731
1286,2,602,23.184,21.741,,0,335.013,18.711,NA,0.281,NA,-69.677,-20.712
1287,2,603,23.31,21.712,,0,335.143,18.665,NA,0.13,NA,-12.995,56.682
1288,2,604,23.456,21.595,,0,335.33,18.531,NA,0.187,NA,-38.66,-25.665
1289,2,605,23.661,21.429,,0,335.593,18.343,NA,0.263,NA,-38.991,-0.331
1290,2,606,23.788,21.244,,0,335.818,18.146,NA,0.224,NA,-55.62,-16.629
1291,2,607,23.875,21.088,,0,335.996,17.982,NA,0.179,NA,-60.642,-5.023
1292,2,608,23.953,20.932,,0,336.171,17.819,NA,0.174,NA,-63.435,-2.793
1293,2,609,24.031,20.777,,0,336.345,17.656,NA,0.174,NA,-63.435,0
1294,2,610,24.148,20.611,,0,336.548,17.481,NA,0.203,NA,-54.782,8.653
1295,2,611,24.285,20.416,,0,336.786,17.275,NA,0.238,NA,-55.008,-0.226
1296,2,612,24.392,20.153,,0,337.07,17.004,NA,0.284,NA,-67.834,-12.826
1297,2,613,24.48,19.899,,0,337.338,16.745,NA,0.268,NA,-70.907,-3.073
1298,2,614,24.558,19.646,,0,337.603,16.487,NA,0.265,NA,-72.897,-1.991
1299,2,615,24.571,19.321,,0,337.928,16.162,NA,0.325,NA,-87.709,-14.812
1300,2,616,24.571,19.035,,0,338.214,15.877,NA,0.286,NA,-90,-2.291
1301,2,617,24.493,18.685,,0,338.573,15.533,NA,0.359,NA,-102.529,-12.529
1302,2,618,24.389,18.269,,0,339.002,15.127,NA,0.429,NA,-104.036,-1.507
1303,2,619,24.295,17.999,,0,339.288,14.866,NA,0.286,NA,-109.259,-5.223
1304,2,620,24.256,17.746,,0,339.544,14.618,NA,0.256,NA,-98.746,10.513
1305,2,621,24.207,17.463,,0,339.831,14.342,NA,0.287,NA,-99.782,-1.036
1306,2,622,24.246,17.161,,0,340.135,14.037,NA,0.305,NA,-82.648,17.135
1307,2,623,24.226,16.956,,0,340.341,13.835,NA,0.206,NA,-95.44,-12.793
1308,2,624,24.148,16.801,,0,340.515,13.689,NA,0.174,NA,-116.565,-21.125
1309,2,625,24.1,16.557,,0,340.764,13.452,NA,0.248,NA,-101.31,15.255
1310,2,626,24.022,16.43,,0,340.912,13.336,NA,0.149,NA,-121.608,-20.298
1311,2,627,23.885,16.206,,0,341.175,13.131,NA,0.262,NA,-121.329,0.279
1312,2,628,23.71,16.04,,0,341.416,12.993,NA,0.241,NA,-136.637,-15.308
1313,2,629,23.554,15.875,,0,341.644,12.854,NA,0.228,NA,-133.264,3.372
1314,2,630,23.369,15.631,,0,341.95,12.646,NA,0.306,NA,-127.235,6.029
1315,2,631,23.291,15.495,,0,342.107,12.526,NA,0.157,NA,-119.745,7.49
1316,2,632,23.115,15.173,,0,342.473,12.246,NA,0.366,NA,-118.61,1.134
1317,2,633,23.047,15.037,,0,342.626,12.127,NA,0.153,NA,-116.565,2.045
1318,2,634,22.959,14.881,,0,342.805,11.994,NA,0.179,NA,-119.358,-2.793
1319,2,635,22.813,14.705,,0,343.033,11.858,NA,0.228,NA,-129.806,-10.448
1320,2,636,22.56,14.442,,0,343.398,11.668,NA,0.365,NA,-133.919,-4.114
1321,2,637,22.326,14.277,,0,343.685,11.573,NA,0.287,NA,-144.689,-10.77
1322,2,638,22.063,14.121,,0,343.991,11.504,NA,0.306,NA,-149.349,-4.661
1323,2,639,21.881,13.955,,0,344.237,11.406,NA,0.246,NA,-137.675,11.674
1324,2,640,21.725,13.851,,0,344.424,11.361,NA,0.187,NA,-146.31,-8.635
1325,2,641,21.465,13.747,,0,344.704,11.357,NA,0.28,NA,-158.199,-11.889
1326,2,642,21.257,13.708,,0,344.915,11.4,NA,0.212,NA,-169.38,-11.182
1327,2,643,20.984,13.656,,0,345.193,11.461,NA,0.278,NA,-169.216,0.165
1328,2,644,20.718,13.604,,0,345.465,11.525,NA,0.271,NA,-168.959,0.257
1329,2,645,20.367,13.585,,0,345.816,11.663,NA,0.351,NA,-176.82,-7.861
1330,2,646,20.075,13.643,,0,346.114,11.85,NA,0.298,NA,168.69,-14.49
1331,2,647,19.88,13.663,,0,346.31,11.96,NA,0.196,NA,174.289,5.599
1332,2,648,19.519,13.75,,0,346.681,12.215,NA,0.371,NA,166.329,-7.961
1333,2,649,19.237,13.916,,0,347.009,12.501,NA,0.328,NA,149.621,-16.708
1334,2,650,18.935,14.052,,0,347.34,12.775,NA,0.331,NA,155.695,6.075
1335,2,651,18.623,14.432,,0,347.832,13.262,NA,0.492,NA,129.369,-26.326
1336,2,652,18.272,14.929,,0,348.44,13.87,NA,0.608,NA,125.218,-4.152
1337,2,653,18.028,15.378,,0,348.95,14.379,NA,0.51,NA,118.523,-6.694
1338,2,654,17.827,15.579,,255,349.235,14.657,NA,0.285,NA,135,16.477
1339,2,655,17.515,15.696,,0,349.568,14.924,NA,0.333,NA,159.444,24.444
1340,2,656,17.411,15.774,,255,349.698,15.046,NA,0.13,NA,143.13,-16.314
1341,2,657,17.346,15.813,,255,349.774,15.114,NA,0.076,NA,149.036,5.906
1342,2,658,17.242,15.982,,255,349.972,15.312,NA,0.198,NA,121.608,-27.429
1343,2,659,16.943,16.32,,0,350.423,15.759,NA,0.451,NA,131.496,9.889
1344,2,660,16.827,16.502,,255,350.639,15.975,NA,0.216,NA,122.735,-8.761
1345,2,661,16.632,16.788,,0,350.985,16.321,NA,0.346,NA,124.287,1.552
1346,2,662,16.411,17.177,,0,351.433,16.768,NA,0.448,NA,119.539,-4.748
1347,2,663,16.372,17.502,,0,351.761,17.061,NA,0.327,NA,96.843,-22.696
1348,2,664,16.216,18.035,,0,352.316,17.594,NA,0.555,NA,106.314,9.471
1349,2,665,16.19,18.321,,0,352.603,17.849,NA,0.287,NA,95.194,-11.119
1350,2,666,16.255,18.74,,0,353.027,18.172,NA,0.424,NA,81.187,-14.007
1351,2,667,16.313,18.983,,0,353.277,18.351,NA,0.251,NA,76.504,-4.683
1352,2,668,16.44,19.286,,0,353.605,18.548,NA,0.328,NA,67.249,-9.255
1353,2,669,16.537,19.529,,0,353.867,18.712,NA,0.262,NA,68.199,0.95
1354,2,670,16.684,19.714,,0,354.103,18.803,NA,0.236,NA,51.71,-16.489
1355,2,671,16.859,20.016,,0,354.453,18.987,NA,0.349,NA,59.859,8.149
1356,2,672,17.005,20.202,,0,354.688,19.085,NA,0.236,NA,51.71,-8.149
1357,2,673,17.171,20.435,,255,354.975,19.22,NA,0.287,NA,54.689,2.979
1358,2,674,17.648,20.796,,255,355.573,19.341,NA,0.598,NA,37.057,-17.632
1359,2,675,17.804,20.884,,255,355.752,19.357,NA,0.179,NA,29.358,-7.699
1360,2,676,17.921,20.913,,255,355.873,19.336,NA,0.121,NA,14.036,-15.322
1361,2,677,18.087,20.971,,0,356.049,19.324,NA,0.176,NA,19.44,5.404
1362,2,678,18.253,21.049,,0,356.232,19.332,NA,0.183,NA,25.201,5.761
1363,2,679,18.477,21.157,,0,356.48,19.347,NA,0.248,NA,25.56,0.359
1364,2,680,18.662,21.293,,0,356.71,19.406,NA,0.23,NA,36.384,10.824
1365,2,681,18.964,21.517,,0,357.086,19.509,NA,0.376,NA,36.573,0.189
1366,2,682,19.217,21.722,,0,357.412,19.617,NA,0.326,NA,38.928,2.355
1367,2,683,19.451,21.761,,0,357.649,19.578,NA,0.237,NA,9.462,-29.465
1368,2,684,19.656,21.8,,0,357.857,19.551,NA,0.208,NA,10.784,1.322
1369,2,685,19.87,21.839,,0,358.075,19.523,NA,0.218,NA,10.305,-0.479
1370,2,686,20.211,21.868,,0,358.418,19.453,NA,0.342,NA,4.899,-5.406
1371,2,687,20.377,21.907,,0,358.588,19.444,NA,0.17,NA,13.241,8.341
1372,2,688,20.63,21.946,,0,358.844,19.415,NA,0.256,NA,8.746,-4.494
1373,2,689,20.796,21.956,,0,359.01,19.382,NA,0.166,NA,3.366,-5.38
1374,2,690,20.981,21.975,,0,359.196,19.355,NA,0.186,NA,6.009,2.643
1375,2,691,21.205,21.975,,0,359.42,19.302,NA,0.224,NA,0,-6.009
1376,2,692,21.546,21.975,,0,359.762,19.226,NA,0.341,NA,0,0
1377,2,693,21.761,21.936,,0,359.979,19.143,NA,0.218,NA,-10.305,-10.305
